Guest_ID,Age,Avg_Daily_Rate,Total_Stays,Avg_Lead_Time,Total_Special_Requests,Cluster_ID,Segment_Name
GST_0001,28,66.51,1,12,0,1,Corporate / Short Stay
GST_0002,22,66.8,1,19,0,1,Corporate / Short Stay
GST_0003,18,64.5,2,12,0,1,Corporate / Short Stay
GST_0004,20,90.48,2,15,0,1,Corporate / Short Stay
GST_0005,38,379.18,3,53,3,3,VIP / Luxury
GST_0006,19,83.95,2,30,0,1,Corporate / Short Stay
GST_0007,21,71.94,2,19,0,1,Corporate / Short Stay
GST_0008,56,292.99,8,50,5,3,VIP / Luxury
GST_0009,45,184.67,10,122,1,2,Family / Planner
GST_0010,37,186.08,1,10,1,1,Corporate / Short Stay
GST_0011,18,97.61,1,6,0,1,Corporate / Short Stay
GST_0012,36,148.68,3,8,1,1,Corporate / Short Stay
GST_0013,28,88.71,2,11,0,1,Corporate / Short Stay
GST_0014,43,265.81,6,55,1,0,Family / Planner
GST_0015,39,351.36,6,43,5,3,VIP / Luxury
GST_0016,48,160.16,7,77,3,0,Family / Planner
GST_0017,36,189.24,13,176,1,2,Family / Planner
GST_0018,33,150.52,1,1,0,1,Corporate / Short Stay
GST_0019,39,187.37,2,9,1,1,Corporate / Short Stay
GST_0020,44,146.78,1,0,1,1,Corporate / Short Stay
GST_0021,31,185.91,4,47,3,0,Family / Planner
GST_0022,35,166.39,3,0,0,1,Corporate / Short Stay
GST_0023,45,210.47,9,67,3,2,Family / Planner
GST_0024,28,157.66,1,1,1,1,Corporate / Short Stay
GST_0025,24,68.8,1,4,0,1,Corporate / Short Stay
GST_0026,45,192.61,13,164,3,2,Family / Planner
GST_0027,47,141.45,1,0,1,1,Corporate / Short Stay
GST_0028,30,153.59,6,80,2,0,Family / Planner
GST_0029,26,91.87,1,16,0,1,Corporate / Short Stay
GST_0030,25,125.61,1,7,1,1,Corporate / Short Stay
GST_0031,18,92.8,1,20,0,1,Corporate / Short Stay
GST_0032,37,220.33,2,5,1,1,Corporate / Short Stay
GST_0033,50,401.58,9,41,2,3,VIP / Luxury
GST_0034,38,213.2,8,66,3,0,Family / Planner
GST_0035,47,157.23,3,12,0,1,Corporate / Short Stay
GST_0036,27,60.12,2,16,0,1,Corporate / Short Stay
GST_0037,25,56.9,2,22,0,1,Corporate / Short Stay
GST_0038,24,80.29,1,7,0,1,Corporate / Short Stay
GST_0039,47,131.28,2,12,0,1,Corporate / Short Stay
GST_0040,59,331.03,9,36,4,3,VIP / Luxury
GST_0041,29,54.39,2,23,0,1,Corporate / Short Stay
GST_0042,20,74.57,1,24,0,1,Corporate / Short Stay
GST_0043,48,141.11,4,175,3,0,Family / Planner
GST_0044,26,74.59,1,23,0,1,Corporate / Short Stay
GST_0045,37,150.1,9,107,1,2,Family / Planner
GST_0046,47,162.42,3,2,1,1,Corporate / Short Stay
GST_0047,18,66.76,2,8,0,1,Corporate / Short Stay
GST_0048,24,85.75,2,7,0,1,Corporate / Short Stay
GST_0049,21,87.59,2,7,0,1,Corporate / Short Stay
GST_0050,32,198.29,7,93,2,0,Family / Planner
GST_0051,35,152.85,1,9,1,1,Corporate / Short Stay
GST_0052,27,59.41,2,35,0,1,Corporate / Short Stay
GST_0053,28,108.87,2,14,0,1,Corporate / Short Stay
GST_0054,34,224.91,12,98,2,2,Family / Planner
GST_0055,34,134.16,10,158,3,2,Family / Planner
GST_0056,46,163.41,6,180,2,0,Family / Planner
GST_0057,26,68.17,2,9,0,1,Corporate / Short Stay
GST_0058,44,240.76,7,152,2,0,Family / Planner
GST_0059,26,111.25,1,15,0,1,Corporate / Short Stay
GST_0060,25,95.66,1,15,0,1,Corporate / Short Stay
GST_0061,26,92.54,1,0,0,1,Corporate / Short Stay
GST_0062,36,240.66,6,119,2,0,Family / Planner
GST_0063,21,75.42,2,32,0,1,Corporate / Short Stay
GST_0064,41,165.99,2,4,0,1,Corporate / Short Stay
GST_0065,39,261.15,8,39,4,3,VIP / Luxury
GST_0066,18,59.69,1,18,0,1,Corporate / Short Stay
GST_0067,34,169.28,1,21,1,1,Corporate / Short Stay
GST_0068,27,54.35,2,1,0,1,Corporate / Short Stay
GST_0069,18,52.4,1,18,0,1,Corporate / Short Stay
GST_0070,27,125.41,1,20,1,1,Corporate / Short Stay
GST_0071,59,404.28,9,24,2,3,VIP / Luxury
GST_0072,57,414.48,3,36,5,3,VIP / Luxury
GST_0073,39,200.63,8,109,1,0,Family / Planner
GST_0074,47,367.46,8,17,4,3,VIP / Luxury
GST_0075,26,132.09,3,16,1,1,Corporate / Short Stay
GST_0076,29,88.89,1,22,0,1,Corporate / Short Stay
GST_0077,41,395.96,4,30,4,3,VIP / Luxury
GST_0078,19,55.62,1,8,0,1,Corporate / Short Stay
GST_0079,33,235.06,6,146,1,0,Family / Planner
GST_0080,31,180.45,7,153,1,0,Family / Planner
GST_0081,24,61.86,1,26,0,1,Corporate / Short Stay
GST_0082,20,66.34,2,30,0,1,Corporate / Short Stay
GST_0083,39,164.07,8,63,2,0,Family / Planner
GST_0084,27,63.45,2,17,0,1,Corporate / Short Stay
GST_0085,37,181.15,4,81,1,0,Family / Planner
GST_0086,23,96.38,1,20,0,1,Corporate / Short Stay
GST_0087,31,146.22,3,12,0,1,Corporate / Short Stay
GST_0088,48,206.03,5,92,3,0,Family / Planner
GST_0089,18,59.49,2,23,0,1,Corporate / Short Stay
GST_0090,19,50.0,1,8,0,1,Corporate / Short Stay
GST_0091,29,157.01,3,16,0,1,Corporate / Short Stay
GST_0092,29,117.64,3,6,1,1,Corporate / Short Stay
GST_0093,51,391.33,9,28,3,3,VIP / Luxury
GST_0094,37,210.18,5,137,3,0,Family / Planner
GST_0095,18,81.46,2,7,0,1,Corporate / Short Stay
GST_0096,35,148.66,3,10,0,1,Corporate / Short Stay
GST_0097,36,469.69,4,38,5,3,VIP / Luxury
GST_0098,41,188.71,4,127,2,0,Family / Planner
GST_0099,37,172.33,4,101,2,0,Family / Planner
GST_0100,34,227.42,6,137,1,0,Family / Planner
GST_0101,37,207.53,5,95,3,0,Family / Planner
GST_0102,18,50.0,1,13,0,1,Corporate / Short Stay
GST_0103,20,94.34,1,0,0,1,Corporate / Short Stay
GST_0104,44,183.38,13,134,3,2,Family / Planner
GST_0105,30,189.42,4,160,3,0,Family / Planner
GST_0106,35,163.22,13,159,2,2,Family / Planner
GST_0107,38,377.81,7,47,4,3,VIP / Luxury
GST_0108,35,181.29,3,5,1,1,Corporate / Short Stay
GST_0109,43,157.86,10,109,2,2,Family / Planner
GST_0110,18,84.28,2,28,0,1,Corporate / Short Stay
GST_0111,33,158.76,2,8,1,1,Corporate / Short Stay
GST_0112,30,210.05,9,72,3,2,Family / Planner
GST_0113,22,73.36,2,20,0,1,Corporate / Short Stay
GST_0114,36,346.75,4,11,3,3,VIP / Luxury
GST_0115,36,187.52,6,118,1,0,Family / Planner
GST_0116,19,59.35,2,30,0,1,Corporate / Short Stay
GST_0117,30,180.87,11,103,3,2,Family / Planner
GST_0118,51,269.07,5,43,3,3,VIP / Luxury
GST_0119,30,151.18,1,0,1,1,Corporate / Short Stay
GST_0120,20,69.5,1,3,0,1,Corporate / Short Stay
GST_0121,32,142.07,2,10,0,1,Corporate / Short Stay
GST_0122,22,68.07,2,19,0,1,Corporate / Short Stay
GST_0123,28,72.65,2,22,0,1,Corporate / Short Stay
GST_0124,27,50.0,2,15,0,1,Corporate / Short Stay
GST_0125,41,194.81,13,58,3,2,Family / Planner
GST_0126,41,226.92,12,158,1,2,Family / Planner
GST_0127,41,152.94,1,3,0,1,Corporate / Short Stay
GST_0128,46,102.91,3,9,1,1,Corporate / Short Stay
GST_0129,18,73.15,2,1,0,1,Corporate / Short Stay
GST_0130,35,113.59,8,169,2,0,Family / Planner
GST_0131,38,203.06,1,8,0,1,Corporate / Short Stay
GST_0132,35,144.74,2,6,0,1,Corporate / Short Stay
GST_0133,34,199.68,5,105,3,0,Family / Planner
GST_0134,35,151.27,3,0,1,1,Corporate / Short Stay
GST_0135,45,273.31,3,34,2,3,VIP / Luxury
GST_0136,29,103.67,2,9,0,1,Corporate / Short Stay
GST_0137,41,132.98,3,0,0,1,Corporate / Short Stay
GST_0138,25,96.23,2,22,0,1,Corporate / Short Stay
GST_0139,41,238.81,11,86,2,2,Family / Planner
GST_0140,27,75.79,1,20,0,1,Corporate / Short Stay
GST_0141,49,192.68,10,149,2,2,Family / Planner
GST_0142,32,218.04,4,86,3,0,Family / Planner
GST_0143,44,137.1,10,167,3,2,Family / Planner
GST_0144,40,187.87,1,1,0,1,Corporate / Short Stay
GST_0145,52,362.61,5,24,2,3,VIP / Luxury
GST_0146,46,403.65,3,21,5,3,VIP / Luxury
GST_0147,33,184.58,11,92,2,2,Family / Planner
GST_0148,26,101.76,1,9,0,1,Corporate / Short Stay
GST_0149,25,73.12,1,35,0,1,Corporate / Short Stay
GST_0150,28,81.42,2,2,0,1,Corporate / Short Stay
GST_0151,27,73.07,1,13,0,1,Corporate / Short Stay
GST_0152,18,122.85,1,25,0,1,Corporate / Short Stay
GST_0153,27,135.09,2,0,1,1,Corporate / Short Stay
GST_0154,26,67.04,1,20,0,1,Corporate / Short Stay
GST_0155,27,70.62,2,14,0,1,Corporate / Short Stay
GST_0156,39,172.13,3,0,1,1,Corporate / Short Stay
GST_0157,37,211.6,6,120,3,0,Family / Planner
GST_0158,20,103.92,2,26,0,1,Corporate / Short Stay
GST_0159,22,63.53,1,30,0,1,Corporate / Short Stay
GST_0160,42,244.28,10,64,3,2,Family / Planner
GST_0161,29,74.61,2,2,0,1,Corporate / Short Stay
GST_0162,48,148.72,3,2,1,1,Corporate / Short Stay
GST_0163,29,76.0,2,30,0,1,Corporate / Short Stay
GST_0164,33,189.62,7,149,2,0,Family / Planner
GST_0165,28,62.5,2,21,0,1,Corporate / Short Stay
GST_0166,35,183.72,1,17,0,1,Corporate / Short Stay
GST_0167,42,184.36,7,140,3,0,Family / Planner
GST_0168,44,246.2,7,97,2,0,Family / Planner
GST_0169,28,88.76,2,0,0,1,Corporate / Short Stay
GST_0170,19,58.98,2,22,0,1,Corporate / Short Stay
GST_0171,37,214.88,12,78,1,2,Family / Planner
GST_0172,32,211.81,6,145,1,0,Family / Planner
GST_0173,26,119.58,2,3,0,1,Corporate / Short Stay
GST_0174,22,50.0,2,30,0,1,Corporate / Short Stay
GST_0175,35,184.65,5,174,3,0,Family / Planner
GST_0176,48,164.56,9,97,3,2,Family / Planner
GST_0177,39,188.31,9,151,1,2,Family / Planner
GST_0178,36,178.54,4,130,2,0,Family / Planner
GST_0179,32,144.3,3,18,0,1,Corporate / Short Stay
GST_0180,24,78.53,2,13,0,1,Corporate / Short Stay
GST_0181,36,209.61,7,124,3,0,Family / Planner
GST_0182,27,206.39,2,7,0,1,Corporate / Short Stay
GST_0183,47,165.67,3,18,0,1,Corporate / Short Stay
GST_0184,41,211.15,8,116,3,0,Family / Planner
GST_0185,23,68.73,1,34,0,1,Corporate / Short Stay
GST_0186,33,205.42,11,82,1,2,Family / Planner
GST_0187,45,198.51,1,11,1,1,Corporate / Short Stay
GST_0188,43,127.13,2,7,1,1,Corporate / Short Stay
GST_0189,20,115.95,1,0,0,1,Corporate / Short Stay
GST_0190,38,151.67,2,13,1,1,Corporate / Short Stay
GST_0191,25,65.2,1,24,0,1,Corporate / Short Stay
GST_0192,26,80.32,1,32,0,1,Corporate / Short Stay
GST_0193,45,150.6,6,166,2,0,Family / Planner
GST_0194,41,199.24,4,66,3,0,Family / Planner
GST_0195,29,95.94,1,29,0,1,Corporate / Short Stay
GST_0196,42,134.4,3,16,1,1,Corporate / Short Stay
GST_0197,19,113.46,2,21,0,1,Corporate / Short Stay
GST_0198,47,217.85,11,159,3,2,Family / Planner
GST_0199,22,82.16,2,19,0,1,Corporate / Short Stay
GST_0200,36,316.44,7,35,4,3,VIP / Luxury
GST_0201,28,84.42,1,12,0,1,Corporate / Short Stay
GST_0202,29,140.48,3,9,1,1,Corporate / Short Stay
GST_0203,26,65.11,1,10,0,1,Corporate / Short Stay
GST_0204,26,141.59,1,6,1,1,Corporate / Short Stay
GST_0205,37,168.96,1,6,0,1,Corporate / Short Stay
GST_0206,25,139.73,1,0,0,1,Corporate / Short Stay
GST_0207,36,108.64,1,1,0,1,Corporate / Short Stay
GST_0208,19,54.02,2,6,0,1,Corporate / Short Stay
GST_0209,41,147.93,8,152,2,0,Family / Planner
GST_0210,28,69.08,2,17,0,1,Corporate / Short Stay
GST_0211,48,225.58,12,91,3,2,Family / Planner
GST_0212,49,360.52,7,45,2,3,VIP / Luxury
GST_0213,27,84.83,1,3,0,1,Corporate / Short Stay
GST_0214,31,156.3,2,3,0,1,Corporate / Short Stay
GST_0215,23,85.8,2,4,0,1,Corporate / Short Stay
GST_0216,46,151.76,3,13,0,1,Corporate / Short Stay
GST_0217,27,74.53,2,23,0,1,Corporate / Short Stay
GST_0218,19,98.2,1,6,0,1,Corporate / Short Stay
GST_0219,42,168.54,2,0,0,1,Corporate / Short Stay
GST_0220,46,176.94,4,173,1,0,Family / Planner
GST_0221,26,76.48,1,15,0,1,Corporate / Short Stay
GST_0222,20,61.29,1,8,0,1,Corporate / Short Stay
GST_0223,42,223.74,9,95,3,2,Family / Planner
GST_0224,18,74.26,2,17,0,1,Corporate / Short Stay
GST_0225,20,68.06,2,8,0,1,Corporate / Short Stay
GST_0226,24,70.61,2,0,0,1,Corporate / Short Stay
GST_0227,33,135.18,9,103,2,2,Family / Planner
GST_0228,45,211.14,10,140,2,2,Family / Planner
GST_0229,21,76.59,2,17,0,1,Corporate / Short Stay
GST_0230,49,196.05,4,171,2,0,Family / Planner
GST_0231,27,57.54,2,24,0,1,Corporate / Short Stay
GST_0232,49,275.61,9,118,1,2,Family / Planner
GST_0233,26,94.52,2,11,0,1,Corporate / Short Stay
GST_0234,31,183.44,5,73,1,0,Family / Planner
GST_0235,30,142.29,3,1,0,1,Corporate / Short Stay
GST_0236,26,64.03,2,3,0,1,Corporate / Short Stay
GST_0237,35,197.56,7,68,1,0,Family / Planner
GST_0238,19,91.96,1,18,0,1,Corporate / Short Stay
GST_0239,38,201.09,12,142,3,2,Family / Planner
GST_0240,31,136.62,1,0,1,1,Corporate / Short Stay
GST_0241,19,77.08,2,0,0,1,Corporate / Short Stay
GST_0242,24,85.41,2,25,0,1,Corporate / Short Stay
GST_0243,22,50.0,2,3,0,1,Corporate / Short Stay
GST_0244,42,145.89,1,15,0,1,Corporate / Short Stay
GST_0245,28,73.81,1,33,0,1,Corporate / Short Stay
GST_0246,19,89.3,2,0,0,1,Corporate / Short Stay
GST_0247,44,265.27,8,52,2,0,Family / Planner
GST_0248,42,192.37,1,0,1,1,Corporate / Short Stay
GST_0249,47,163.53,3,0,1,1,Corporate / Short Stay
GST_0250,37,198.23,4,146,1,0,Family / Planner
GST_0251,28,80.95,2,0,0,1,Corporate / Short Stay
GST_0252,42,419.69,7,40,3,3,VIP / Luxury
GST_0253,28,119.92,1,7,1,1,Corporate / Short Stay
GST_0254,45,173.76,2,0,1,1,Corporate / Short Stay
GST_0255,19,92.2,2,26,0,1,Corporate / Short Stay
GST_0256,37,157.45,10,122,1,2,Family / Planner
GST_0257,45,142.81,2,5,1,1,Corporate / Short Stay
GST_0258,44,190.88,4,66,1,0,Family / Planner
GST_0259,45,381.9,9,42,5,3,VIP / Luxury
GST_0260,19,71.23,2,25,0,1,Corporate / Short Stay
GST_0261,29,85.16,1,25,0,1,Corporate / Short Stay
GST_0262,47,191.58,3,7,0,1,Corporate / Short Stay
GST_0263,32,142.33,2,14,1,1,Corporate / Short Stay
GST_0264,31,174.81,11,150,2,2,Family / Planner
GST_0265,38,168.57,12,170,1,2,Family / Planner
GST_0266,43,185.94,9,65,1,2,Family / Planner
GST_0267,21,87.11,1,33,0,1,Corporate / Short Stay
GST_0268,34,158.55,9,155,2,2,Family / Planner
GST_0269,20,92.15,1,14,0,1,Corporate / Short Stay
GST_0270,42,133.18,2,8,1,1,Corporate / Short Stay
GST_0271,29,68.97,2,16,0,1,Corporate / Short Stay
GST_0272,33,232.27,6,104,1,0,Family / Planner
GST_0273,28,69.55,2,22,0,1,Corporate / Short Stay
GST_0274,21,92.35,2,5,0,1,Corporate / Short Stay
GST_0275,39,342.28,3,37,5,3,VIP / Luxury
GST_0276,18,80.08,1,19,0,1,Corporate / Short Stay
GST_0277,45,125.32,1,0,0,1,Corporate / Short Stay
GST_0278,24,50.0,2,6,0,1,Corporate / Short Stay
GST_0279,33,186.62,12,85,1,2,Family / Planner
GST_0280,39,166.59,13,142,2,2,Family / Planner
GST_0281,19,116.13,1,0,0,1,Corporate / Short Stay
GST_0282,49,180.8,5,89,3,0,Family / Planner
GST_0283,32,220.42,8,136,1,0,Family / Planner
GST_0284,22,73.01,1,30,0,1,Corporate / Short Stay
GST_0285,24,68.18,2,27,0,1,Corporate / Short Stay
GST_0286,40,259.21,5,85,2,0,Family / Planner
GST_0287,29,140.06,1,7,0,1,Corporate / Short Stay
GST_0288,46,450.71,7,49,3,3,VIP / Luxury
GST_0289,49,179.99,4,130,3,0,Family / Planner
GST_0290,44,205.32,11,155,1,2,Family / Planner
GST_0291,39,190.81,11,98,1,2,Family / Planner
GST_0292,35,151.02,1,3,1,1,Corporate / Short Stay
GST_0293,24,99.12,1,2,0,1,Corporate / Short Stay
GST_0294,41,219.87,5,95,2,0,Family / Planner
GST_0295,22,119.98,1,11,0,1,Corporate / Short Stay
GST_0296,23,79.92,2,11,0,1,Corporate / Short Stay
GST_0297,34,167.86,5,68,2,0,Family / Planner
GST_0298,34,282.52,5,83,2,0,Family / Planner
GST_0299,25,91.47,1,27,0,1,Corporate / Short Stay
GST_0300,22,73.67,2,24,0,1,Corporate / Short Stay
GST_0301,46,182.57,12,81,2,2,Family / Planner
GST_0302,45,233.58,6,88,1,0,Family / Planner
GST_0303,18,71.19,2,25,0,1,Corporate / Short Stay
GST_0304,30,159.61,2,8,0,1,Corporate / Short Stay
GST_0305,36,238.58,7,136,1,0,Family / Planner
GST_0306,31,205.35,10,106,3,2,Family / Planner
GST_0307,37,143.29,7,173,1,0,Family / Planner
GST_0308,20,91.29,2,27,0,1,Corporate / Short Stay
GST_0309,49,250.66,10,79,3,2,Family / Planner
GST_0310,25,118.23,1,7,1,1,Corporate / Short Stay
GST_0311,28,118.25,2,3,1,1,Corporate / Short Stay
GST_0312,46,156.22,10,66,1,2,Family / Planner
GST_0313,21,99.23,1,4,0,1,Corporate / Short Stay
GST_0314,33,149.18,12,121,1,2,Family / Planner
GST_0315,37,165.29,6,84,1,0,Family / Planner
GST_0316,36,215.41,6,60,3,0,Family / Planner
GST_0317,35,176.27,12,59,3,2,Family / Planner
GST_0318,27,75.28,2,7,0,1,Corporate / Short Stay
GST_0319,37,253.32,5,47,3,3,VIP / Luxury
GST_0320,38,92.52,1,9,0,1,Corporate / Short Stay
GST_0321,43,274.3,4,53,3,3,VIP / Luxury
GST_0322,31,141.76,1,3,0,1,Corporate / Short Stay
GST_0323,32,142.82,3,3,0,1,Corporate / Short Stay
GST_0324,45,163.0,8,163,1,0,Family / Planner
GST_0325,44,224.83,10,89,1,2,Family / Planner
GST_0326,25,116.19,2,0,1,1,Corporate / Short Stay
GST_0327,27,97.91,1,17,0,1,Corporate / Short Stay
GST_0328,36,311.7,7,59,3,3,VIP / Luxury
GST_0329,26,140.8,2,17,0,1,Corporate / Short Stay
GST_0330,41,202.22,5,130,1,0,Family / Planner
GST_0331,30,118.14,3,10,0,1,Corporate / Short Stay
GST_0332,43,402.29,5,55,4,3,VIP / Luxury
GST_0333,43,381.29,6,48,4,3,VIP / Luxury
GST_0334,46,146.46,2,16,0,1,Corporate / Short Stay
GST_0335,25,64.06,2,6,0,1,Corporate / Short Stay
GST_0336,28,50.0,1,6,0,1,Corporate / Short Stay
GST_0337,28,130.15,2,0,0,1,Corporate / Short Stay
GST_0338,28,70.48,2,20,0,1,Corporate / Short Stay
GST_0339,22,92.1,2,7,0,1,Corporate / Short Stay
GST_0340,23,107.79,1,24,0,1,Corporate / Short Stay
GST_0341,34,138.95,9,140,1,2,Family / Planner
GST_0342,24,50.0,1,24,0,1,Corporate / Short Stay
GST_0343,24,52.43,2,4,0,1,Corporate / Short Stay
GST_0344,39,148.11,1,5,0,1,Corporate / Short Stay
GST_0345,48,183.54,9,80,2,2,Family / Planner
GST_0346,21,77.51,1,12,0,1,Corporate / Short Stay
GST_0347,24,71.33,2,12,0,1,Corporate / Short Stay
GST_0348,29,65.76,2,26,0,1,Corporate / Short Stay
GST_0349,30,141.47,7,151,3,0,Family / Planner
GST_0350,41,200.67,1,1,1,1,Corporate / Short Stay
GST_0351,46,217.56,12,124,1,2,Family / Planner
GST_0352,20,100.38,1,0,0,1,Corporate / Short Stay
GST_0353,34,186.73,3,0,1,1,Corporate / Short Stay
GST_0354,25,70.91,2,17,0,1,Corporate / Short Stay
GST_0355,38,221.88,8,74,1,0,Family / Planner
GST_0356,38,168.61,3,3,1,1,Corporate / Short Stay
GST_0357,19,68.5,2,29,0,1,Corporate / Short Stay
GST_0358,29,90.1,2,10,0,1,Corporate / Short Stay
GST_0359,24,50.0,2,0,0,1,Corporate / Short Stay
GST_0360,23,65.99,1,16,0,1,Corporate / Short Stay
GST_0361,22,81.41,1,26,0,1,Corporate / Short Stay
GST_0362,27,90.83,1,29,0,1,Corporate / Short Stay
GST_0363,21,71.24,2,8,0,1,Corporate / Short Stay
GST_0364,32,129.42,1,2,0,1,Corporate / Short Stay
GST_0365,29,75.55,1,4,0,1,Corporate / Short Stay
GST_0366,19,86.35,1,20,0,1,Corporate / Short Stay
GST_0367,28,83.71,1,27,0,1,Corporate / Short Stay
GST_0368,28,134.2,2,6,1,1,Corporate / Short Stay
GST_0369,30,180.94,10,144,1,2,Family / Planner
GST_0370,22,87.04,1,13,0,1,Corporate / Short Stay
GST_0371,27,80.2,2,4,0,1,Corporate / Short Stay
GST_0372,20,51.04,2,7,0,1,Corporate / Short Stay
GST_0373,19,70.9,1,2,0,1,Corporate / Short Stay
GST_0374,40,248.53,12,138,2,2,Family / Planner
GST_0375,35,218.54,7,71,3,0,Family / Planner
GST_0376,40,243.84,9,123,1,2,Family / Planner
GST_0377,22,55.03,1,10,0,1,Corporate / Short Stay
GST_0378,23,105.36,1,18,0,1,Corporate / Short Stay
GST_0379,23,87.65,2,24,0,1,Corporate / Short Stay
GST_0380,29,101.1,1,8,0,1,Corporate / Short Stay
GST_0381,29,97.02,2,25,0,1,Corporate / Short Stay
GST_0382,37,208.23,12,94,3,2,Family / Planner
GST_0383,36,261.67,5,39,2,3,VIP / Luxury
GST_0384,21,121.48,2,26,0,1,Corporate / Short Stay
GST_0385,27,54.93,2,1,0,1,Corporate / Short Stay
GST_0386,40,163.71,11,156,3,2,Family / Planner
GST_0387,46,173.75,12,104,2,2,Family / Planner
GST_0388,18,91.97,2,24,0,1,Corporate / Short Stay
GST_0389,23,110.42,1,0,0,1,Corporate / Short Stay
GST_0390,42,364.06,5,45,3,3,VIP / Luxury
GST_0391,20,60.65,1,15,0,1,Corporate / Short Stay
GST_0392,29,75.67,2,4,0,1,Corporate / Short Stay
GST_0393,30,185.02,7,177,2,0,Family / Planner
GST_0394,41,199.57,5,143,1,0,Family / Planner
GST_0395,19,67.29,2,14,0,1,Corporate / Short Stay
GST_0396,20,115.95,1,17,0,1,Corporate / Short Stay
GST_0397,51,315.87,8,40,4,3,VIP / Luxury
GST_0398,44,123.15,1,12,0,1,Corporate / Short Stay
GST_0399,31,221.19,8,118,1,0,Family / Planner
GST_0400,46,377.37,5,39,4,3,VIP / Luxury
GST_0401,27,86.38,2,23,0,1,Corporate / Short Stay
GST_0402,20,90.45,2,9,0,1,Corporate / Short Stay
GST_0403,27,112.57,3,1,0,1,Corporate / Short Stay
GST_0404,49,231.36,5,115,1,0,Family / Planner
GST_0405,27,64.77,1,22,0,1,Corporate / Short Stay
GST_0406,20,82.25,2,0,0,1,Corporate / Short Stay
GST_0407,29,174.84,2,6,1,1,Corporate / Short Stay
GST_0408,28,95.75,2,12,0,1,Corporate / Short Stay
GST_0409,26,132.55,3,12,1,1,Corporate / Short Stay
GST_0410,46,226.16,13,148,1,2,Family / Planner
GST_0411,48,190.98,4,125,1,0,Family / Planner
GST_0412,35,196.8,11,76,3,2,Family / Planner
GST_0413,42,194.09,12,155,1,2,Family / Planner
GST_0414,29,56.2,1,26,0,1,Corporate / Short Stay
GST_0415,35,126.69,2,0,0,1,Corporate / Short Stay
GST_0416,30,207.48,6,65,1,0,Family / Planner
GST_0417,40,209.5,6,72,3,0,Family / Planner
GST_0418,37,176.47,6,109,1,0,Family / Planner
GST_0419,29,145.0,2,11,0,1,Corporate / Short Stay
GST_0420,22,51.92,1,19,0,1,Corporate / Short Stay
GST_0421,25,139.72,3,13,1,1,Corporate / Short Stay
GST_0422,46,177.18,2,6,0,1,Corporate / Short Stay
GST_0423,35,196.51,13,77,2,2,Family / Planner
GST_0424,33,151.74,2,2,1,1,Corporate / Short Stay
GST_0425,19,110.4,1,20,0,1,Corporate / Short Stay
GST_0426,44,160.59,10,98,3,2,Family / Planner
GST_0427,22,118.51,1,6,0,1,Corporate / Short Stay
GST_0428,33,187.11,9,159,3,2,Family / Planner
GST_0429,29,101.97,2,18,0,1,Corporate / Short Stay
GST_0430,30,253.45,12,90,3,2,Family / Planner
GST_0431,42,140.35,2,0,1,1,Corporate / Short Stay
GST_0432,44,235.68,8,90,3,0,Family / Planner
GST_0433,42,453.66,4,39,2,3,VIP / Luxury
GST_0434,18,80.7,2,10,0,1,Corporate / Short Stay
GST_0435,18,71.83,1,23,0,1,Corporate / Short Stay
GST_0436,48,188.91,13,140,2,2,Family / Planner
GST_0437,43,185.02,10,183,3,2,Family / Planner
GST_0438,59,320.89,7,18,4,3,VIP / Luxury
GST_0439,35,201.01,13,157,3,2,Family / Planner
GST_0440,26,124.28,1,12,1,1,Corporate / Short Stay
GST_0441,46,144.79,3,17,0,1,Corporate / Short Stay
GST_0442,23,62.11,1,0,0,1,Corporate / Short Stay
GST_0443,21,77.75,1,9,0,1,Corporate / Short Stay
GST_0444,28,105.9,2,34,0,1,Corporate / Short Stay
GST_0445,24,91.07,1,16,0,1,Corporate / Short Stay
GST_0446,36,175.66,13,102,2,2,Family / Planner
GST_0447,46,187.68,8,98,3,0,Family / Planner
GST_0448,49,236.42,9,38,2,2,Family / Planner
GST_0449,45,138.7,1,11,1,1,Corporate / Short Stay
GST_0450,41,184.09,2,3,0,1,Corporate / Short Stay
GST_0451,38,200.59,6,91,2,0,Family / Planner
GST_0452,20,76.68,1,18,0,1,Corporate / Short Stay
GST_0453,27,151.44,1,6,0,1,Corporate / Short Stay
GST_0454,20,118.19,2,8,0,1,Corporate / Short Stay
GST_0455,24,85.01,1,31,0,1,Corporate / Short Stay
GST_0456,18,78.83,1,29,0,1,Corporate / Short Stay
GST_0457,40,229.46,12,56,3,2,Family / Planner
GST_0458,25,90.33,2,17,0,1,Corporate / Short Stay
GST_0459,43,186.89,9,170,3,2,Family / Planner
GST_0460,55,369.77,9,11,4,3,VIP / Luxury
GST_0461,23,59.81,2,26,0,1,Corporate / Short Stay
GST_0462,42,140.46,7,101,1,0,Family / Planner
GST_0463,37,192.28,6,112,2,0,Family / Planner
GST_0464,45,317.29,6,28,3,3,VIP / Luxury
GST_0465,45,198.83,5,126,3,0,Family / Planner
GST_0466,49,216.54,10,150,2,2,Family / Planner
GST_0467,41,140.88,1,15,1,1,Corporate / Short Stay
GST_0468,39,292.58,4,51,3,3,VIP / Luxury
GST_0469,25,98.05,2,2,0,1,Corporate / Short Stay
GST_0470,27,54.5,2,12,0,1,Corporate / Short Stay
GST_0471,19,81.58,2,22,0,1,Corporate / Short Stay
GST_0472,27,146.65,1,8,1,1,Corporate / Short Stay
GST_0473,21,79.47,1,30,0,1,Corporate / Short Stay
GST_0474,54,383.81,9,24,5,3,VIP / Luxury
GST_0475,22,62.29,2,10,0,1,Corporate / Short Stay
GST_0476,37,206.28,12,123,2,2,Family / Planner
GST_0477,30,150.85,1,11,0,1,Corporate / Short Stay
GST_0478,32,158.08,13,129,1,2,Family / Planner
GST_0479,22,86.55,2,31,0,1,Corporate / Short Stay
GST_0480,32,238.59,10,141,3,2,Family / Planner
GST_0481,36,315.02,7,28,4,3,VIP / Luxury
GST_0482,25,88.12,1,16,0,1,Corporate / Short Stay
GST_0483,28,161.95,1,11,1,1,Corporate / Short Stay
GST_0484,47,228.54,5,86,3,0,Family / Planner
GST_0485,39,185.72,3,0,0,1,Corporate / Short Stay
GST_0486,45,247.16,5,68,2,0,Family / Planner
GST_0487,26,162.04,2,4,0,1,Corporate / Short Stay
GST_0488,49,215.42,13,131,3,2,Family / Planner
GST_0489,28,96.59,2,16,0,1,Corporate / Short Stay
GST_0490,38,192.3,8,150,3,0,Family / Planner
GST_0491,41,234.57,7,163,1,0,Family / Planner
GST_0492,31,207.49,6,161,3,0,Family / Planner
GST_0493,25,50.0,2,8,0,1,Corporate / Short Stay
GST_0494,22,104.87,1,11,0,1,Corporate / Short Stay
GST_0495,25,101.52,2,6,0,1,Corporate / Short Stay
GST_0496,44,377.21,3,3,4,3,VIP / Luxury
GST_0497,39,263.12,11,77,3,2,Family / Planner
GST_0498,37,130.33,4,88,1,0,Family / Planner
GST_0499,41,364.42,6,53,4,3,VIP / Luxury
GST_0500,28,71.15,1,5,0,1,Corporate / Short Stay
GST_0501,23,124.82,2,15,0,1,Corporate / Short Stay
GST_0502,23,59.58,2,25,0,1,Corporate / Short Stay
GST_0503,57,390.39,7,46,5,3,VIP / Luxury
GST_0504,20,80.26,1,13,0,1,Corporate / Short Stay
GST_0505,38,152.78,7,148,3,0,Family / Planner
GST_0506,37,130.12,3,14,1,1,Corporate / Short Stay
GST_0507,18,54.13,2,0,0,1,Corporate / Short Stay
GST_0508,57,327.55,4,37,2,3,VIP / Luxury
GST_0509,26,87.86,1,32,0,1,Corporate / Short Stay
GST_0510,42,240.3,4,95,3,0,Family / Planner
GST_0511,38,170.92,11,149,3,2,Family / Planner
GST_0512,18,69.56,2,23,0,1,Corporate / Short Stay
GST_0513,25,101.06,1,20,0,1,Corporate / Short Stay
GST_0514,20,66.45,2,11,0,1,Corporate / Short Stay
GST_0515,35,211.44,8,91,3,0,Family / Planner
GST_0516,46,161.25,6,106,1,0,Family / Planner
GST_0517,29,83.9,1,15,0,1,Corporate / Short Stay
GST_0518,23,87.28,2,6,0,1,Corporate / Short Stay
GST_0519,20,105.25,1,22,0,1,Corporate / Short Stay
GST_0520,18,64.1,1,28,0,1,Corporate / Short Stay
GST_0521,43,156.18,12,174,3,2,Family / Planner
GST_0522,27,81.06,2,25,0,1,Corporate / Short Stay
GST_0523,28,62.95,1,29,0,1,Corporate / Short Stay
GST_0524,52,305.49,4,31,4,3,VIP / Luxury
GST_0525,26,67.54,2,22,0,1,Corporate / Short Stay
GST_0526,21,83.2,1,0,0,1,Corporate / Short Stay
GST_0527,26,79.35,1,15,0,1,Corporate / Short Stay
GST_0528,24,67.2,2,15,0,1,Corporate / Short Stay
GST_0529,39,265.38,6,101,2,0,Family / Planner
GST_0530,24,80.28,1,19,0,1,Corporate / Short Stay
GST_0531,43,154.22,2,3,1,1,Corporate / Short Stay
GST_0532,28,115.14,2,20,0,1,Corporate / Short Stay
GST_0533,22,96.96,1,23,0,1,Corporate / Short Stay
GST_0534,18,58.5,1,10,0,1,Corporate / Short Stay
GST_0535,39,144.25,2,9,0,1,Corporate / Short Stay
GST_0536,18,89.11,2,11,0,1,Corporate / Short Stay
GST_0537,25,50.0,2,5,0,1,Corporate / Short Stay
GST_0538,25,88.83,1,23,0,1,Corporate / Short Stay
GST_0539,42,144.32,2,6,0,1,Corporate / Short Stay
GST_0540,44,219.51,10,103,3,2,Family / Planner
GST_0541,36,139.37,3,12,1,1,Corporate / Short Stay
GST_0542,18,113.92,1,16,0,1,Corporate / Short Stay
GST_0543,40,117.77,3,0,1,1,Corporate / Short Stay
GST_0544,40,182.46,6,171,3,0,Family / Planner
GST_0545,45,192.1,10,172,1,2,Family / Planner
GST_0546,31,146.52,1,7,0,1,Corporate / Short Stay
GST_0547,29,94.83,2,32,0,1,Corporate / Short Stay
GST_0548,25,59.58,2,16,0,1,Corporate / Short Stay
GST_0549,40,207.63,6,172,3,0,Family / Planner
GST_0550,23,58.9,2,23,0,1,Corporate / Short Stay
GST_0551,26,89.32,2,11,0,1,Corporate / Short Stay
GST_0552,33,175.85,1,5,0,1,Corporate / Short Stay
GST_0553,29,68.06,2,25,0,1,Corporate / Short Stay
GST_0554,59,286.5,4,34,3,3,VIP / Luxury
GST_0555,42,180.37,8,74,2,0,Family / Planner
GST_0556,26,60.64,2,11,0,1,Corporate / Short Stay
GST_0557,27,64.54,1,21,0,1,Corporate / Short Stay
GST_0558,46,116.42,1,5,0,1,Corporate / Short Stay
GST_0559,37,211.53,10,104,3,2,Family / Planner
GST_0560,18,73.84,1,26,0,1,Corporate / Short Stay
GST_0561,45,187.71,8,95,3,0,Family / Planner
GST_0562,44,169.18,8,76,3,0,Family / Planner
GST_0563,21,103.06,1,31,0,1,Corporate / Short Stay
GST_0564,19,100.8,2,17,0,1,Corporate / Short Stay
GST_0565,21,68.0,2,16,0,1,Corporate / Short Stay
GST_0566,21,84.25,2,8,0,1,Corporate / Short Stay
GST_0567,46,154.31,3,5,0,1,Corporate / Short Stay
GST_0568,27,83.07,2,9,0,1,Corporate / Short Stay
GST_0569,20,91.59,1,20,0,1,Corporate / Short Stay
GST_0570,35,102.12,1,5,0,1,Corporate / Short Stay
GST_0571,18,112.63,2,9,0,1,Corporate / Short Stay
GST_0572,26,152.12,1,22,0,1,Corporate / Short Stay
GST_0573,20,69.48,1,18,0,1,Corporate / Short Stay
GST_0574,26,109.23,2,10,1,1,Corporate / Short Stay
GST_0575,25,76.19,2,15,0,1,Corporate / Short Stay
GST_0576,40,121.02,3,3,1,1,Corporate / Short Stay
GST_0577,38,198.67,11,137,2,2,Family / Planner
GST_0578,30,226.29,10,123,2,2,Family / Planner
GST_0579,46,413.44,4,37,4,3,VIP / Luxury
GST_0580,22,68.14,1,15,0,1,Corporate / Short Stay
GST_0581,43,165.18,7,96,2,0,Family / Planner
GST_0582,32,234.65,7,72,2,0,Family / Planner
GST_0583,24,82.09,1,19,0,1,Corporate / Short Stay
GST_0584,33,124.25,3,0,0,1,Corporate / Short Stay
GST_0585,28,92.16,2,20,0,1,Corporate / Short Stay
GST_0586,28,81.95,1,9,0,1,Corporate / Short Stay
GST_0587,29,58.44,1,19,0,1,Corporate / Short Stay
GST_0588,38,135.87,2,1,1,1,Corporate / Short Stay
GST_0589,50,323.88,6,21,5,3,VIP / Luxury
GST_0590,29,50.15,1,14,0,1,Corporate / Short Stay
GST_0591,42,201.82,12,143,3,2,Family / Planner
GST_0592,20,111.79,2,22,0,1,Corporate / Short Stay
GST_0593,35,144.88,3,12,1,1,Corporate / Short Stay
GST_0594,23,78.75,1,13,0,1,Corporate / Short Stay
GST_0595,28,187.54,3,13,0,1,Corporate / Short Stay
GST_0596,29,121.33,3,9,0,1,Corporate / Short Stay
GST_0597,46,172.73,2,17,0,1,Corporate / Short Stay
GST_0598,26,77.81,1,14,0,1,Corporate / Short Stay
GST_0599,18,61.46,2,29,0,1,Corporate / Short Stay
GST_0600,22,99.47,1,11,0,1,Corporate / Short Stay
GST_0601,27,87.32,1,10,0,1,Corporate / Short Stay
GST_0602,18,51.56,1,15,0,1,Corporate / Short Stay
GST_0603,18,74.16,2,3,0,1,Corporate / Short Stay
GST_0604,25,75.74,2,35,0,1,Corporate / Short Stay
GST_0605,29,94.32,2,28,0,1,Corporate / Short Stay
GST_0606,36,242.61,7,97,1,0,Family / Planner
GST_0607,19,110.03,2,0,0,1,Corporate / Short Stay
GST_0608,47,127.94,3,1,1,1,Corporate / Short Stay
GST_0609,49,161.23,2,7,1,1,Corporate / Short Stay
GST_0610,29,93.32,2,25,0,1,Corporate / Short Stay
GST_0611,23,101.55,1,10,0,1,Corporate / Short Stay
GST_0612,35,332.51,8,53,3,3,VIP / Luxury
GST_0613,56,309.81,4,30,5,3,VIP / Luxury
GST_0614,24,50.0,1,18,0,1,Corporate / Short Stay
GST_0615,34,127.16,1,10,0,1,Corporate / Short Stay
GST_0616,39,144.15,2,3,0,1,Corporate / Short Stay
GST_0617,20,69.23,2,11,0,1,Corporate / Short Stay
GST_0618,20,105.58,1,13,0,1,Corporate / Short Stay
GST_0619,36,217.1,12,140,3,2,Family / Planner
GST_0620,25,84.4,1,14,0,1,Corporate / Short Stay
GST_0621,28,56.63,1,28,0,1,Corporate / Short Stay
GST_0622,28,85.93,2,13,0,1,Corporate / Short Stay
GST_0623,26,111.17,1,13,0,1,Corporate / Short Stay
GST_0624,19,84.33,2,25,0,1,Corporate / Short Stay
GST_0625,19,60.34,2,25,0,1,Corporate / Short Stay
GST_0626,37,161.83,2,5,0,1,Corporate / Short Stay
GST_0627,48,201.87,11,167,1,2,Family / Planner
GST_0628,29,96.13,1,25,0,1,Corporate / Short Stay
GST_0629,27,163.45,1,0,0,1,Corporate / Short Stay
GST_0630,46,130.26,1,4,1,1,Corporate / Short Stay
GST_0631,38,231.56,13,160,1,2,Family / Planner
GST_0632,37,141.5,3,20,0,1,Corporate / Short Stay
GST_0633,19,104.97,1,11,0,1,Corporate / Short Stay
GST_0634,28,61.1,1,14,0,1,Corporate / Short Stay
GST_0635,46,235.28,4,141,1,0,Family / Planner
GST_0636,28,98.46,1,1,0,1,Corporate / Short Stay
GST_0637,20,90.84,1,16,0,1,Corporate / Short Stay
GST_0638,21,100.24,1,0,0,1,Corporate / Short Stay
GST_0639,24,62.56,1,26,0,1,Corporate / Short Stay
GST_0640,30,178.52,4,97,3,0,Family / Planner
GST_0641,27,69.49,2,23,0,1,Corporate / Short Stay
GST_0642,49,188.01,12,166,2,2,Family / Planner
GST_0643,18,81.66,2,3,0,1,Corporate / Short Stay
GST_0644,37,166.01,2,0,0,1,Corporate / Short Stay
GST_0645,27,140.58,2,3,0,1,Corporate / Short Stay
GST_0646,26,51.76,2,29,0,1,Corporate / Short Stay
GST_0647,39,379.86,8,43,4,3,VIP / Luxury
GST_0648,31,230.88,10,142,1,2,Family / Planner
GST_0649,46,147.55,3,7,0,1,Corporate / Short Stay
GST_0650,25,63.54,2,21,0,1,Corporate / Short Stay
GST_0651,21,75.84,1,0,0,1,Corporate / Short Stay
GST_0652,25,59.05,1,34,0,1,Corporate / Short Stay
GST_0653,47,144.81,2,5,1,1,Corporate / Short Stay
GST_0654,28,82.78,2,24,0,1,Corporate / Short Stay
GST_0655,27,88.72,2,20,0,1,Corporate / Short Stay
GST_0656,20,70.06,1,9,0,1,Corporate / Short Stay
GST_0657,33,204.84,11,122,2,2,Family / Planner
GST_0658,18,111.89,1,26,0,1,Corporate / Short Stay
GST_0659,19,81.74,1,8,0,1,Corporate / Short Stay
GST_0660,22,50.84,1,6,0,1,Corporate / Short Stay
GST_0661,58,374.71,9,32,5,3,VIP / Luxury
GST_0662,23,73.92,2,13,0,1,Corporate / Short Stay
GST_0663,19,108.95,1,6,0,1,Corporate / Short Stay
GST_0664,18,102.17,2,11,0,1,Corporate / Short Stay
GST_0665,26,65.28,1,28,0,1,Corporate / Short Stay
GST_0666,45,160.29,2,11,1,1,Corporate / Short Stay
GST_0667,31,221.73,4,140,2,0,Family / Planner
GST_0668,34,227.4,4,152,1,0,Family / Planner
GST_0669,57,413.62,8,40,3,3,VIP / Luxury
GST_0670,30,216.66,10,129,3,2,Family / Planner
GST_0671,27,79.68,1,27,0,1,Corporate / Short Stay
GST_0672,36,188.38,4,160,3,0,Family / Planner
GST_0673,36,197.5,5,118,3,0,Family / Planner
GST_0674,46,189.91,9,130,2,2,Family / Planner
GST_0675,21,53.51,1,0,0,1,Corporate / Short Stay
GST_0676,20,61.38,1,6,0,1,Corporate / Short Stay
GST_0677,20,50.0,1,16,0,1,Corporate / Short Stay
GST_0678,46,201.9,5,172,2,0,Family / Planner
GST_0679,41,211.44,10,86,1,2,Family / Planner
GST_0680,23,77.55,1,27,0,1,Corporate / Short Stay
GST_0681,33,171.91,5,103,1,0,Family / Planner
GST_0682,41,196.06,2,10,1,1,Corporate / Short Stay
GST_0683,48,174.39,8,110,2,0,Family / Planner
GST_0684,24,62.12,2,18,0,1,Corporate / Short Stay
GST_0685,30,203.97,5,125,2,0,Family / Planner
GST_0686,49,372.4,7,46,4,3,VIP / Luxury
GST_0687,52,435.26,4,55,4,3,VIP / Luxury
GST_0688,31,225.6,13,139,2,2,Family / Planner
GST_0689,20,86.18,1,15,0,1,Corporate / Short Stay
GST_0690,41,182.18,3,4,1,1,Corporate / Short Stay
GST_0691,57,343.2,7,25,2,3,VIP / Luxury
GST_0692,29,140.03,3,8,0,1,Corporate / Short Stay
GST_0693,25,60.79,1,11,0,1,Corporate / Short Stay
GST_0694,22,98.07,1,25,0,1,Corporate / Short Stay
GST_0695,46,174.37,11,130,1,2,Family / Planner
GST_0696,43,179.73,5,81,1,0,Family / Planner
GST_0697,44,233.64,12,138,3,2,Family / Planner
GST_0698,27,78.32,2,24,0,1,Corporate / Short Stay
GST_0699,46,238.57,4,36,2,0,Family / Planner
GST_0700,24,93.31,1,23,0,1,Corporate / Short Stay
GST_0701,18,72.05,2,7,0,1,Corporate / Short Stay
GST_0702,50,247.97,8,33,5,3,VIP / Luxury
GST_0703,21,99.23,1,8,0,1,Corporate / Short Stay
GST_0704,31,123.72,4,82,2,0,Family / Planner
GST_0705,54,269.04,3,19,5,3,VIP / Luxury
GST_0706,45,249.86,5,158,2,0,Family / Planner
GST_0707,46,123.31,2,3,1,1,Corporate / Short Stay
GST_0708,55,426.25,5,19,5,3,VIP / Luxury
GST_0709,34,178.81,13,128,3,2,Family / Planner
GST_0710,37,146.31,12,71,2,2,Family / Planner
GST_0711,24,82.72,2,8,0,1,Corporate / Short Stay
GST_0712,29,95.78,1,6,0,1,Corporate / Short Stay
GST_0713,35,172.22,4,135,2,0,Family / Planner
GST_0714,26,108.43,3,13,0,1,Corporate / Short Stay
GST_0715,38,155.58,1,12,1,1,Corporate / Short Stay
GST_0716,49,218.37,5,157,3,0,Family / Planner
GST_0717,23,50.0,1,34,0,1,Corporate / Short Stay
GST_0718,58,362.35,4,17,2,3,VIP / Luxury
GST_0719,50,423.61,6,44,5,3,VIP / Luxury
GST_0720,40,180.35,13,97,2,2,Family / Planner
GST_0721,55,415.87,9,51,2,3,VIP / Luxury
GST_0722,20,92.95,2,12,0,1,Corporate / Short Stay
GST_0723,27,66.64,2,21,0,1,Corporate / Short Stay
GST_0724,28,175.79,1,12,0,1,Corporate / Short Stay
GST_0725,29,62.03,2,5,0,1,Corporate / Short Stay
GST_0726,43,158.72,2,3,0,1,Corporate / Short Stay
GST_0727,42,131.54,3,18,1,1,Corporate / Short Stay
GST_0728,27,51.36,1,11,0,1,Corporate / Short Stay
GST_0729,22,97.92,1,8,0,1,Corporate / Short Stay
GST_0730,27,87.57,2,16,0,1,Corporate / Short Stay
GST_0731,35,380.84,6,38,3,3,VIP / Luxury
GST_0732,45,166.65,10,143,1,2,Family / Planner
GST_0733,34,216.33,13,71,2,2,Family / Planner
GST_0734,38,150.51,3,0,1,1,Corporate / Short Stay
GST_0735,39,435.99,9,58,5,3,VIP / Luxury
GST_0736,20,82.11,1,13,0,1,Corporate / Short Stay
GST_0737,28,114.99,1,23,0,1,Corporate / Short Stay
GST_0738,19,59.93,1,16,0,1,Corporate / Short Stay
GST_0739,18,57.46,1,22,0,1,Corporate / Short Stay
GST_0740,41,158.3,2,2,0,1,Corporate / Short Stay
GST_0741,18,73.31,1,7,0,1,Corporate / Short Stay
GST_0742,25,100.58,1,5,0,1,Corporate / Short Stay
GST_0743,44,129.75,12,173,1,2,Family / Planner
GST_0744,20,73.51,2,5,0,1,Corporate / Short Stay
GST_0745,41,176.68,10,146,3,2,Family / Planner
GST_0746,40,121.83,3,7,1,1,Corporate / Short Stay
GST_0747,38,336.3,4,32,3,3,VIP / Luxury
GST_0748,38,325.82,9,55,2,3,VIP / Luxury
GST_0749,27,50.0,1,14,0,1,Corporate / Short Stay
GST_0750,46,181.25,6,77,1,0,Family / Planner
GST_0751,23,67.45,1,0,0,1,Corporate / Short Stay
GST_0752,35,125.53,1,21,0,1,Corporate / Short Stay
GST_0753,25,80.8,1,20,0,1,Corporate / Short Stay
GST_0754,23,88.65,1,26,0,1,Corporate / Short Stay
GST_0755,42,147.12,12,163,2,2,Family / Planner
GST_0756,24,55.37,1,31,0,1,Corporate / Short Stay
GST_0757,20,91.16,1,0,0,1,Corporate / Short Stay
GST_0758,20,83.62,1,0,0,1,Corporate / Short Stay
GST_0759,36,123.13,2,6,0,1,Corporate / Short Stay
GST_0760,20,59.82,2,31,0,1,Corporate / Short Stay
GST_0761,32,176.8,12,64,1,2,Family / Planner
GST_0762,42,209.59,4,144,1,0,Family / Planner
GST_0763,28,104.43,2,20,0,1,Corporate / Short Stay
GST_0764,31,231.53,5,101,2,0,Family / Planner
GST_0765,53,397.01,8,25,4,3,VIP / Luxury
GST_0766,40,185.81,12,83,2,2,Family / Planner
GST_0767,26,72.2,1,17,0,1,Corporate / Short Stay
GST_0768,44,282.8,7,47,3,3,VIP / Luxury
GST_0769,47,182.92,3,6,0,1,Corporate / Short Stay
GST_0770,43,189.2,6,99,3,0,Family / Planner
GST_0771,29,87.11,1,0,0,1,Corporate / Short Stay
GST_0772,27,68.81,2,0,0,1,Corporate / Short Stay
GST_0773,20,97.56,1,11,0,1,Corporate / Short Stay
GST_0774,56,387.72,7,49,5,3,VIP / Luxury
GST_0775,51,357.47,7,38,3,3,VIP / Luxury
GST_0776,44,130.62,2,6,0,1,Corporate / Short Stay
GST_0777,41,165.36,6,162,2,0,Family / Planner
GST_0778,42,240.45,12,116,1,2,Family / Planner
GST_0779,20,101.9,1,3,0,1,Corporate / Short Stay
GST_0780,39,144.23,8,123,2,0,Family / Planner
GST_0781,21,50.0,2,3,0,1,Corporate / Short Stay
GST_0782,47,311.79,9,56,2,3,VIP / Luxury
GST_0783,26,95.56,2,17,0,1,Corporate / Short Stay
GST_0784,52,341.21,3,47,3,3,VIP / Luxury
GST_0785,34,139.45,3,8,0,1,Corporate / Short Stay
GST_0786,37,136.34,2,11,1,1,Corporate / Short Stay
GST_0787,37,154.9,1,8,1,1,Corporate / Short Stay
GST_0788,19,70.28,1,30,0,1,Corporate / Short Stay
GST_0789,43,165.51,2,6,1,1,Corporate / Short Stay
GST_0790,35,138.41,7,74,1,0,Family / Planner
GST_0791,36,253.12,6,97,3,0,Family / Planner
GST_0792,42,167.58,3,0,1,1,Corporate / Short Stay
GST_0793,39,207.93,9,116,3,2,Family / Planner
GST_0794,32,132.19,9,169,1,2,Family / Planner
GST_0795,39,184.57,2,6,0,1,Corporate / Short Stay
GST_0796,40,144.15,3,12,1,1,Corporate / Short Stay
GST_0797,49,145.9,3,4,1,1,Corporate / Short Stay
GST_0798,43,157.67,2,5,1,1,Corporate / Short Stay
GST_0799,44,277.19,5,157,1,0,Family / Planner
GST_0800,34,225.38,7,139,1,0,Family / Planner
GST_0801,42,240.92,4,137,1,0,Family / Planner
GST_0802,39,246.79,8,99,3,0,Family / Planner
GST_0803,27,96.93,1,12,0,1,Corporate / Short Stay
GST_0804,27,95.58,2,31,0,1,Corporate / Short Stay
GST_0805,46,223.63,7,121,1,0,Family / Planner
GST_0806,43,190.92,12,173,3,2,Family / Planner
GST_0807,48,143.21,3,14,0,1,Corporate / Short Stay
GST_0808,23,81.74,1,23,0,1,Corporate / Short Stay
GST_0809,22,92.38,2,12,0,1,Corporate / Short Stay
GST_0810,27,62.68,1,7,0,1,Corporate / Short Stay
GST_0811,33,202.01,7,79,2,0,Family / Planner
GST_0812,38,294.71,5,42,3,3,VIP / Luxury
GST_0813,22,76.25,2,0,0,1,Corporate / Short Stay
GST_0814,26,68.67,2,14,0,1,Corporate / Short Stay
GST_0815,18,58.6,1,11,0,1,Corporate / Short Stay
GST_0816,31,123.4,3,0,0,1,Corporate / Short Stay
GST_0817,41,206.71,10,78,3,2,Family / Planner
GST_0818,34,180.5,13,104,1,2,Family / Planner
GST_0819,19,75.71,1,24,0,1,Corporate / Short Stay
GST_0820,46,220.81,7,144,2,0,Family / Planner
GST_0821,42,166.5,2,12,1,1,Corporate / Short Stay
GST_0822,26,131.06,1,9,1,1,Corporate / Short Stay
GST_0823,38,179.12,6,143,1,0,Family / Planner
GST_0824,24,111.35,2,0,0,1,Corporate / Short Stay
GST_0825,41,187.13,8,117,2,0,Family / Planner
GST_0826,24,82.82,2,0,0,1,Corporate / Short Stay
GST_0827,23,78.09,2,23,0,1,Corporate / Short Stay
GST_0828,40,227.67,4,168,2,0,Family / Planner
GST_0829,29,79.72,2,15,0,1,Corporate / Short Stay
GST_0830,48,222.99,6,76,1,0,Family / Planner
GST_0831,27,85.17,2,22,0,1,Corporate / Short Stay
GST_0832,18,99.42,1,16,0,1,Corporate / Short Stay
GST_0833,29,129.33,1,8,0,1,Corporate / Short Stay
GST_0834,42,147.33,3,0,0,1,Corporate / Short Stay
GST_0835,23,81.67,1,20,0,1,Corporate / Short Stay
GST_0836,38,174.07,13,146,2,2,Family / Planner
GST_0837,41,362.37,8,20,3,3,VIP / Luxury
GST_0838,42,204.17,10,162,2,2,Family / Planner
GST_0839,19,72.86,1,9,0,1,Corporate / Short Stay
GST_0840,30,196.59,3,2,1,1,Corporate / Short Stay
GST_0841,33,140.44,8,129,3,0,Family / Planner
GST_0842,33,160.38,2,8,0,1,Corporate / Short Stay
GST_0843,32,237.14,10,114,2,2,Family / Planner
GST_0844,27,84.91,1,7,0,1,Corporate / Short Stay
GST_0845,27,86.54,1,5,0,1,Corporate / Short Stay
GST_0846,27,101.6,1,26,0,1,Corporate / Short Stay
GST_0847,29,69.57,2,6,0,1,Corporate / Short Stay
GST_0848,22,89.03,2,22,0,1,Corporate / Short Stay
GST_0849,22,70.12,1,7,0,1,Corporate / Short Stay
GST_0850,33,140.34,1,7,1,1,Corporate / Short Stay
GST_0851,31,213.84,9,75,2,2,Family / Planner
GST_0852,18,91.29,1,0,0,1,Corporate / Short Stay
GST_0853,49,134.52,2,9,0,1,Corporate / Short Stay
GST_0854,30,216.26,8,141,2,0,Family / Planner
GST_0855,49,138.43,1,12,0,1,Corporate / Short Stay
GST_0856,19,59.47,2,29,0,1,Corporate / Short Stay
GST_0857,39,207.19,9,140,1,2,Family / Planner
GST_0858,27,105.64,2,6,0,1,Corporate / Short Stay
GST_0859,26,100.68,1,16,0,1,Corporate / Short Stay
GST_0860,31,133.87,2,0,0,1,Corporate / Short Stay
GST_0861,23,74.62,1,0,0,1,Corporate / Short Stay
GST_0862,33,214.76,8,91,1,0,Family / Planner
GST_0863,20,55.91,1,26,0,1,Corporate / Short Stay
GST_0864,19,95.46,1,16,0,1,Corporate / Short Stay
GST_0865,26,52.93,1,9,0,1,Corporate / Short Stay
GST_0866,23,75.29,1,8,0,1,Corporate / Short Stay
GST_0867,44,387.34,9,45,5,3,VIP / Luxury
GST_0868,25,60.7,2,15,0,1,Corporate / Short Stay
GST_0869,46,157.96,3,6,1,1,Corporate / Short Stay
GST_0870,28,88.06,1,14,0,1,Corporate / Short Stay
GST_0871,29,129.14,3,12,0,1,Corporate / Short Stay
GST_0872,21,110.88,2,19,0,1,Corporate / Short Stay
GST_0873,35,160.91,2,8,1,1,Corporate / Short Stay
GST_0874,33,160.69,2,13,0,1,Corporate / Short Stay
GST_0875,44,176.9,3,0,0,1,Corporate / Short Stay
GST_0876,25,69.48,2,27,0,1,Corporate / Short Stay
GST_0877,23,73.5,1,14,0,1,Corporate / Short Stay
GST_0878,19,97.69,1,10,0,1,Corporate / Short Stay
GST_0879,48,328.68,8,27,5,3,VIP / Luxury
GST_0880,25,88.4,2,8,0,1,Corporate / Short Stay
GST_0881,40,179.18,4,78,1,0,Family / Planner
GST_0882,44,320.64,4,18,3,3,VIP / Luxury
GST_0883,38,343.17,7,25,5,3,VIP / Luxury
GST_0884,27,92.87,1,12,0,1,Corporate / Short Stay
GST_0885,33,173.57,8,171,2,0,Family / Planner
GST_0886,27,113.99,2,12,0,1,Corporate / Short Stay
GST_0887,36,177.03,11,120,3,2,Family / Planner
GST_0888,26,95.64,1,33,0,1,Corporate / Short Stay
GST_0889,20,98.61,2,23,0,1,Corporate / Short Stay
GST_0890,20,88.19,2,9,0,1,Corporate / Short Stay
GST_0891,30,133.01,2,10,1,1,Corporate / Short Stay
GST_0892,39,138.95,2,0,0,1,Corporate / Short Stay
GST_0893,32,132.69,1,6,1,1,Corporate / Short Stay
GST_0894,25,92.63,2,1,0,1,Corporate / Short Stay
GST_0895,25,74.2,2,22,0,1,Corporate / Short Stay
GST_0896,46,201.68,10,159,3,2,Family / Planner
GST_0897,40,174.89,1,0,1,1,Corporate / Short Stay
GST_0898,27,58.42,1,21,0,1,Corporate / Short Stay
GST_0899,33,216.56,1,7,1,1,Corporate / Short Stay
GST_0900,56,372.95,3,31,4,3,VIP / Luxury
GST_0901,29,66.54,2,7,0,1,Corporate / Short Stay
GST_0902,44,122.78,3,5,1,1,Corporate / Short Stay
GST_0903,36,255.29,10,60,3,2,Family / Planner
GST_0904,41,259.41,10,170,1,2,Family / Planner
GST_0905,35,269.16,9,56,4,3,VIP / Luxury
GST_0906,28,112.85,2,17,0,1,Corporate / Short Stay
GST_0907,30,184.49,3,8,0,1,Corporate / Short Stay
GST_0908,23,78.36,1,13,0,1,Corporate / Short Stay
GST_0909,46,181.54,11,89,2,2,Family / Planner
GST_0910,48,154.0,1,1,1,1,Corporate / Short Stay
GST_0911,24,74.89,2,5,0,1,Corporate / Short Stay
GST_0912,41,328.37,6,54,2,3,VIP / Luxury
GST_0913,34,178.67,9,182,2,2,Family / Planner
GST_0914,41,155.24,13,111,1,2,Family / Planner
GST_0915,46,158.28,1,6,1,1,Corporate / Short Stay
GST_0916,25,142.36,3,2,1,1,Corporate / Short Stay
GST_0917,32,216.04,10,180,1,2,Family / Planner
GST_0918,32,160.11,4,118,2,0,Family / Planner
GST_0919,35,233.09,13,70,2,2,Family / Planner
GST_0920,22,100.05,2,18,0,1,Corporate / Short Stay
GST_0921,19,85.18,2,14,0,1,Corporate / Short Stay
GST_0922,27,69.56,1,15,0,1,Corporate / Short Stay
GST_0923,24,93.01,1,28,0,1,Corporate / Short Stay
GST_0924,27,56.98,1,11,0,1,Corporate / Short Stay
GST_0925,40,119.07,1,13,1,1,Corporate / Short Stay
GST_0926,19,83.76,1,7,0,1,Corporate / Short Stay
GST_0927,40,197.83,8,124,1,0,Family / Planner
GST_0928,26,133.55,1,13,0,1,Corporate / Short Stay
GST_0929,47,173.81,4,178,2,0,Family / Planner
GST_0930,18,83.72,1,27,0,1,Corporate / Short Stay
GST_0931,24,57.23,1,0,0,1,Corporate / Short Stay
GST_0932,34,229.5,8,132,2,0,Family / Planner
GST_0933,40,123.04,1,8,1,1,Corporate / Short Stay
GST_0934,39,146.17,3,6,1,1,Corporate / Short Stay
GST_0935,59,403.84,7,30,2,3,VIP / Luxury
GST_0936,20,67.71,1,15,0,1,Corporate / Short Stay
GST_0937,26,89.95,1,8,0,1,Corporate / Short Stay
GST_0938,21,109.18,2,7,0,1,Corporate / Short Stay
GST_0939,47,184.88,9,119,2,2,Family / Planner
GST_0940,20,92.06,2,0,0,1,Corporate / Short Stay
GST_0941,36,171.35,2,2,1,1,Corporate / Short Stay
GST_0942,30,182.06,10,66,3,2,Family / Planner
GST_0943,27,123.47,2,14,0,1,Corporate / Short Stay
GST_0944,21,84.03,1,18,0,1,Corporate / Short Stay
GST_0945,31,156.45,5,172,1,0,Family / Planner
GST_0946,22,63.88,2,1,0,1,Corporate / Short Stay
GST_0947,38,404.84,9,40,5,3,VIP / Luxury
GST_0948,25,61.67,2,4,0,1,Corporate / Short Stay
GST_0949,23,67.2,2,0,0,1,Corporate / Short Stay
GST_0950,36,231.38,8,134,2,0,Family / Planner
GST_0951,27,94.2,2,16,0,1,Corporate / Short Stay
GST_0952,39,246.7,6,51,1,0,Family / Planner
GST_0953,30,145.93,5,169,1,0,Family / Planner
GST_0954,33,150.68,1,2,0,1,Corporate / Short Stay
GST_0955,18,72.93,2,11,0,1,Corporate / Short Stay
GST_0956,19,83.7,1,7,0,1,Corporate / Short Stay
GST_0957,21,82.5,2,0,0,1,Corporate / Short Stay
GST_0958,48,222.53,11,130,1,2,Family / Planner
GST_0959,44,219.99,12,119,3,2,Family / Planner
GST_0960,33,122.46,3,11,0,1,Corporate / Short Stay
GST_0961,38,138.51,2,21,1,1,Corporate / Short Stay
GST_0962,22,89.91,2,20,0,1,Corporate / Short Stay
GST_0963,19,50.0,2,0,0,1,Corporate / Short Stay
GST_0964,38,356.05,7,7,4,3,VIP / Luxury
GST_0965,42,154.37,13,111,1,2,Family / Planner
GST_0966,28,69.21,1,28,0,1,Corporate / Short Stay
GST_0967,26,103.73,1,5,0,1,Corporate / Short Stay
GST_0968,18,78.29,1,8,0,1,Corporate / Short Stay
GST_0969,33,144.37,2,11,0,1,Corporate / Short Stay
GST_0970,35,205.92,13,153,2,2,Family / Planner
GST_0971,43,218.33,8,96,2,0,Family / Planner
GST_0972,28,52.5,1,14,0,1,Corporate / Short Stay
GST_0973,53,316.65,4,58,2,3,VIP / Luxury
GST_0974,24,50.0,2,12,0,1,Corporate / Short Stay
GST_0975,20,72.05,2,21,0,1,Corporate / Short Stay
GST_0976,28,59.1,2,6,0,1,Corporate / Short Stay
GST_0977,26,77.3,1,1,0,1,Corporate / Short Stay
GST_0978,46,176.48,9,65,1,2,Family / Planner
GST_0979,42,317.4,8,37,3,3,VIP / Luxury
GST_0980,20,80.56,2,4,0,1,Corporate / Short Stay
GST_0981,49,116.62,8,151,3,0,Family / Planner
GST_0982,28,56.39,2,4,0,1,Corporate / Short Stay
GST_0983,42,196.68,7,137,3,0,Family / Planner
GST_0984,23,104.83,2,36,0,1,Corporate / Short Stay
GST_0985,29,72.37,1,25,0,1,Corporate / Short Stay
GST_0986,18,102.19,2,9,0,1,Corporate / Short Stay
GST_0987,28,86.18,2,14,0,1,Corporate / Short Stay
GST_0988,21,83.18,1,1,0,1,Corporate / Short Stay
GST_0989,36,152.02,3,0,0,1,Corporate / Short Stay
GST_0990,24,113.18,2,6,0,1,Corporate / Short Stay
GST_0991,48,169.66,12,111,2,2,Family / Planner
GST_0992,34,148.03,12,144,1,2,Family / Planner
GST_0993,21,60.35,2,30,0,1,Corporate / Short Stay
GST_0994,30,230.81,4,165,3,0,Family / Planner
GST_0995,29,66.67,1,17,0,1,Corporate / Short Stay
GST_0996,27,92.22,1,0,0,1,Corporate / Short Stay
GST_0997,35,193.52,6,118,1,0,Family / Planner
GST_0998,44,222.36,11,112,1,2,Family / Planner
GST_0999,35,146.67,1,10,1,1,Corporate / Short Stay
GST_1000,46,388.13,7,47,2,3,VIP / Luxury
GST_1001,18,102.26,2,6,0,1,Corporate / Short Stay
GST_1002,33,138.82,3,2,0,1,Corporate / Short Stay
GST_1003,44,209.43,13,153,3,2,Family / Planner
GST_1004,20,76.45,1,11,0,1,Corporate / Short Stay
GST_1005,39,190.44,10,126,2,2,Family / Planner
GST_1006,29,87.09,2,27,0,1,Corporate / Short Stay
GST_1007,29,103.29,1,11,0,1,Corporate / Short Stay
GST_1008,35,166.07,9,164,1,2,Family / Planner
GST_1009,22,84.04,1,27,0,1,Corporate / Short Stay
GST_1010,25,80.48,2,0,0,1,Corporate / Short Stay
GST_1011,25,73.55,1,34,0,1,Corporate / Short Stay
GST_1012,56,345.29,8,41,5,3,VIP / Luxury
GST_1013,39,172.59,9,92,3,2,Family / Planner
GST_1014,59,418.47,9,52,5,3,VIP / Luxury
GST_1015,18,101.19,2,15,0,1,Corporate / Short Stay
GST_1016,44,162.34,6,171,2,0,Family / Planner
GST_1017,35,112.94,8,110,3,0,Family / Planner
GST_1018,48,222.09,6,88,1,0,Family / Planner
GST_1019,26,65.97,2,10,0,1,Corporate / Short Stay
GST_1020,27,99.15,1,9,0,1,Corporate / Short Stay
GST_1021,37,195.53,8,114,3,0,Family / Planner
GST_1022,38,129.42,3,12,1,1,Corporate / Short Stay
GST_1023,36,423.36,6,50,5,3,VIP / Luxury
GST_1024,35,135.12,2,7,1,1,Corporate / Short Stay
GST_1025,38,222.92,13,156,1,2,Family / Planner
GST_1026,18,96.38,1,15,0,1,Corporate / Short Stay
GST_1027,38,122.28,3,2,0,1,Corporate / Short Stay
GST_1028,34,258.25,10,157,2,2,Family / Planner
GST_1029,47,207.58,12,60,3,2,Family / Planner
GST_1030,25,73.27,1,2,0,1,Corporate / Short Stay
GST_1031,27,61.13,2,15,0,1,Corporate / Short Stay
GST_1032,34,145.16,3,13,1,1,Corporate / Short Stay
GST_1033,27,102.81,2,31,0,1,Corporate / Short Stay
GST_1034,30,206.2,11,107,3,2,Family / Planner
GST_1035,41,148.07,2,3,0,1,Corporate / Short Stay
GST_1036,43,244.96,12,113,1,2,Family / Planner
GST_1037,27,87.73,2,0,0,1,Corporate / Short Stay
GST_1038,23,74.51,2,25,0,1,Corporate / Short Stay
GST_1039,29,79.55,2,23,0,1,Corporate / Short Stay
GST_1040,27,79.45,2,27,0,1,Corporate / Short Stay
GST_1041,38,125.61,3,11,0,1,Corporate / Short Stay
GST_1042,28,77.24,1,4,0,1,Corporate / Short Stay
GST_1043,50,366.27,7,42,5,3,VIP / Luxury
GST_1044,30,193.66,13,148,1,2,Family / Planner
GST_1045,28,74.1,1,18,0,1,Corporate / Short Stay
GST_1046,26,94.41,2,10,0,1,Corporate / Short Stay
GST_1047,23,81.17,1,22,0,1,Corporate / Short Stay
GST_1048,28,83.01,1,5,0,1,Corporate / Short Stay
GST_1049,30,117.62,3,0,0,1,Corporate / Short Stay
GST_1050,29,175.44,3,19,1,1,Corporate / Short Stay
GST_1051,57,321.11,9,41,5,3,VIP / Luxury
GST_1052,28,50.0,2,15,0,1,Corporate / Short Stay
GST_1053,27,72.92,1,0,0,1,Corporate / Short Stay
GST_1054,27,148.48,3,4,1,1,Corporate / Short Stay
GST_1055,20,96.5,1,0,0,1,Corporate / Short Stay
GST_1056,27,66.85,1,36,0,1,Corporate / Short Stay
GST_1057,40,220.25,7,80,1,0,Family / Planner
GST_1058,43,342.56,8,35,4,3,VIP / Luxury
GST_1059,46,199.67,4,79,2,0,Family / Planner
GST_1060,18,94.12,1,7,0,1,Corporate / Short Stay
GST_1061,38,117.8,3,12,1,1,Corporate / Short Stay
GST_1062,20,82.78,1,14,0,1,Corporate / Short Stay
GST_1063,36,212.22,11,126,3,2,Family / Planner
GST_1064,19,71.36,2,21,0,1,Corporate / Short Stay
GST_1065,29,127.74,1,0,0,1,Corporate / Short Stay
GST_1066,25,166.21,3,1,1,1,Corporate / Short Stay
GST_1067,48,163.04,13,136,3,2,Family / Planner
GST_1068,32,228.57,5,141,1,0,Family / Planner
GST_1069,44,145.67,8,77,1,0,Family / Planner
GST_1070,54,295.55,7,54,5,3,VIP / Luxury
GST_1071,26,89.37,2,6,0,1,Corporate / Short Stay
GST_1072,47,241.63,6,141,3,0,Family / Planner
GST_1073,38,330.43,3,47,2,3,VIP / Luxury
GST_1074,30,195.75,6,88,3,0,Family / Planner
GST_1075,19,79.87,2,25,0,1,Corporate / Short Stay
GST_1076,21,64.23,2,19,0,1,Corporate / Short Stay
GST_1077,38,242.53,8,81,1,0,Family / Planner
GST_1078,25,134.26,2,16,0,1,Corporate / Short Stay
GST_1079,44,175.24,8,159,1,0,Family / Planner
GST_1080,23,65.95,2,21,0,1,Corporate / Short Stay
GST_1081,29,71.22,1,21,0,1,Corporate / Short Stay
GST_1082,25,168.01,1,3,0,1,Corporate / Short Stay
GST_1083,46,225.81,10,155,1,2,Family / Planner
GST_1084,47,196.61,6,82,3,0,Family / Planner
GST_1085,22,50.0,2,25,0,1,Corporate / Short Stay
GST_1086,26,133.87,1,13,1,1,Corporate / Short Stay
GST_1087,38,189.55,8,134,3,0,Family / Planner
GST_1088,33,151.29,1,5,0,1,Corporate / Short Stay
GST_1089,33,202.84,11,109,2,2,Family / Planner
GST_1090,32,237.63,4,149,3,0,Family / Planner
GST_1091,40,356.27,5,59,2,3,VIP / Luxury
GST_1092,44,249.34,6,56,3,3,VIP / Luxury
GST_1093,43,196.25,4,57,1,0,Family / Planner
GST_1094,23,102.3,2,26,0,1,Corporate / Short Stay
GST_1095,34,193.82,9,135,3,2,Family / Planner
GST_1096,20,75.42,1,13,0,1,Corporate / Short Stay
GST_1097,24,88.43,2,9,0,1,Corporate / Short Stay
GST_1098,32,131.87,2,0,0,1,Corporate / Short Stay
GST_1099,45,248.86,6,82,2,0,Family / Planner
GST_1100,38,205.81,6,90,2,0,Family / Planner
GST_1101,23,97.49,1,32,0,1,Corporate / Short Stay
GST_1102,23,64.5,1,18,0,1,Corporate / Short Stay
GST_1103,24,91.49,1,17,0,1,Corporate / Short Stay
GST_1104,24,111.09,1,13,0,1,Corporate / Short Stay
GST_1105,20,50.02,1,16,0,1,Corporate / Short Stay
GST_1106,42,394.15,4,9,3,3,VIP / Luxury
GST_1107,22,52.55,2,28,0,1,Corporate / Short Stay
GST_1108,20,103.29,2,12,0,1,Corporate / Short Stay
GST_1109,29,90.73,2,13,0,1,Corporate / Short Stay
GST_1110,48,148.83,13,157,1,2,Family / Planner
GST_1111,28,55.95,1,0,0,1,Corporate / Short Stay
GST_1112,27,104.71,1,7,0,1,Corporate / Short Stay
GST_1113,33,179.19,7,84,2,0,Family / Planner
GST_1114,41,114.63,3,0,1,1,Corporate / Short Stay
GST_1115,20,74.42,2,8,0,1,Corporate / Short Stay
GST_1116,31,203.23,6,173,1,0,Family / Planner
GST_1117,48,155.03,3,2,0,1,Corporate / Short Stay
GST_1118,33,253.59,13,182,2,2,Family / Planner
GST_1119,35,169.48,2,6,1,1,Corporate / Short Stay
GST_1120,40,137.39,1,5,0,1,Corporate / Short Stay
GST_1121,47,414.95,5,54,5,3,VIP / Luxury
GST_1122,49,181.99,12,130,3,2,Family / Planner
GST_1123,45,212.14,4,171,1,0,Family / Planner
GST_1124,37,432.53,5,48,4,3,VIP / Luxury
GST_1125,44,159.19,1,10,0,1,Corporate / Short Stay
GST_1126,48,181.88,9,71,3,2,Family / Planner
GST_1127,21,70.9,2,16,0,1,Corporate / Short Stay
GST_1128,24,97.99,2,0,0,1,Corporate / Short Stay
GST_1129,46,267.14,12,101,1,2,Family / Planner
GST_1130,25,105.22,2,17,0,1,Corporate / Short Stay
GST_1131,33,216.16,7,155,3,0,Family / Planner
GST_1132,22,70.22,2,19,0,1,Corporate / Short Stay
GST_1133,32,233.32,9,122,1,2,Family / Planner
GST_1134,37,395.03,4,20,4,3,VIP / Luxury
GST_1135,19,91.1,1,0,0,1,Corporate / Short Stay
GST_1136,26,81.55,2,27,0,1,Corporate / Short Stay
GST_1137,21,68.17,2,20,0,1,Corporate / Short Stay
GST_1138,21,60.53,1,19,0,1,Corporate / Short Stay
GST_1139,36,109.76,2,5,1,1,Corporate / Short Stay
GST_1140,38,224.36,7,125,1,0,Family / Planner
GST_1141,48,188.69,9,67,2,2,Family / Planner
GST_1142,35,192.73,6,140,3,0,Family / Planner
GST_1143,32,205.11,8,115,3,0,Family / Planner
GST_1144,46,349.62,5,42,2,3,VIP / Luxury
GST_1145,24,76.44,2,21,0,1,Corporate / Short Stay
GST_1146,31,201.26,8,158,1,0,Family / Planner
GST_1147,36,282.37,4,51,3,3,VIP / Luxury
GST_1148,27,85.13,2,16,0,1,Corporate / Short Stay
GST_1149,21,69.88,2,10,0,1,Corporate / Short Stay
GST_1150,42,225.22,13,132,2,2,Family / Planner
GST_1151,30,227.92,7,136,1,0,Family / Planner
GST_1152,33,168.38,12,129,3,2,Family / Planner
GST_1153,41,138.54,2,0,1,1,Corporate / Short Stay
GST_1154,45,202.46,12,70,2,2,Family / Planner
GST_1155,28,69.87,2,16,0,1,Corporate / Short Stay
GST_1156,46,134.36,1,1,1,1,Corporate / Short Stay
GST_1157,48,149.2,13,165,1,2,Family / Planner
GST_1158,44,186.6,9,113,3,2,Family / Planner
GST_1159,40,188.58,13,96,2,2,Family / Planner
GST_1160,43,456.02,3,51,2,3,VIP / Luxury
GST_1161,18,79.05,1,9,0,1,Corporate / Short Stay
GST_1162,24,59.82,1,9,0,1,Corporate / Short Stay
GST_1163,35,157.88,13,60,3,2,Family / Planner
GST_1164,25,52.57,1,26,0,1,Corporate / Short Stay
GST_1165,38,161.75,1,13,0,1,Corporate / Short Stay
GST_1166,54,348.3,9,26,5,3,VIP / Luxury
GST_1167,22,78.13,1,15,0,1,Corporate / Short Stay
GST_1168,20,75.76,1,10,0,1,Corporate / Short Stay
GST_1169,45,136.06,1,17,1,1,Corporate / Short Stay
GST_1170,42,145.83,2,0,0,1,Corporate / Short Stay
GST_1171,47,145.07,3,8,1,1,Corporate / Short Stay
GST_1172,26,65.34,2,3,0,1,Corporate / Short Stay
GST_1173,44,396.01,9,51,4,3,VIP / Luxury
GST_1174,38,167.34,3,3,1,1,Corporate / Short Stay
GST_1175,38,174.13,11,148,1,2,Family / Planner
GST_1176,20,94.97,1,7,0,1,Corporate / Short Stay
GST_1177,33,189.41,8,135,2,0,Family / Planner
GST_1178,33,159.03,2,0,1,1,Corporate / Short Stay
GST_1179,30,136.63,1,14,1,1,Corporate / Short Stay
GST_1180,47,230.77,13,71,2,2,Family / Planner
GST_1181,22,61.51,1,13,0,1,Corporate / Short Stay
GST_1182,42,213.43,9,134,2,2,Family / Planner
GST_1183,27,62.74,1,26,0,1,Corporate / Short Stay
GST_1184,22,105.51,1,27,0,1,Corporate / Short Stay
GST_1185,27,87.09,2,2,0,1,Corporate / Short Stay
GST_1186,22,105.05,1,0,0,1,Corporate / Short Stay
GST_1187,33,197.88,9,94,1,2,Family / Planner
GST_1188,30,265.83,10,143,3,2,Family / Planner
GST_1189,48,135.03,2,1,0,1,Corporate / Short Stay
GST_1190,47,180.34,1,11,0,1,Corporate / Short Stay
GST_1191,58,311.39,9,62,3,3,VIP / Luxury
GST_1192,40,169.24,3,16,1,1,Corporate / Short Stay
GST_1193,36,256.34,10,84,2,2,Family / Planner
GST_1194,21,67.25,1,0,0,1,Corporate / Short Stay
GST_1195,20,100.16,2,6,0,1,Corporate / Short Stay
GST_1196,28,113.1,2,0,0,1,Corporate / Short Stay
GST_1197,20,62.25,2,20,0,1,Corporate / Short Stay
GST_1198,37,122.37,3,19,0,1,Corporate / Short Stay
GST_1199,18,107.45,2,19,0,1,Corporate / Short Stay
GST_1200,24,88.26,1,22,0,1,Corporate / Short Stay
GST_1201,43,211.65,11,176,2,2,Family / Planner
GST_1202,18,50.0,2,28,0,1,Corporate / Short Stay
GST_1203,37,143.76,1,5,0,1,Corporate / Short Stay
GST_1204,22,66.26,1,7,0,1,Corporate / Short Stay
GST_1205,25,82.25,2,12,0,1,Corporate / Short Stay
GST_1206,43,289.88,3,26,2,3,VIP / Luxury
GST_1207,41,159.82,3,14,1,1,Corporate / Short Stay
GST_1208,19,94.03,1,18,0,1,Corporate / Short Stay
GST_1209,20,64.9,1,23,0,1,Corporate / Short Stay
GST_1210,40,342.35,8,30,2,3,VIP / Luxury
GST_1211,31,109.39,1,6,0,1,Corporate / Short Stay
GST_1212,48,308.88,7,61,4,3,VIP / Luxury
GST_1213,33,260.94,11,173,3,2,Family / Planner
GST_1214,29,75.25,2,28,0,1,Corporate / Short Stay
GST_1215,28,81.88,2,8,0,1,Corporate / Short Stay
GST_1216,41,289.23,3,52,4,3,VIP / Luxury
GST_1217,20,58.76,1,7,0,1,Corporate / Short Stay
GST_1218,19,64.98,2,27,0,1,Corporate / Short Stay
GST_1219,26,50.0,1,2,0,1,Corporate / Short Stay
GST_1220,23,109.47,2,2,0,1,Corporate / Short Stay
GST_1221,30,276.07,12,71,2,2,Family / Planner
GST_1222,37,232.17,10,83,2,2,Family / Planner
GST_1223,45,151.58,1,13,0,1,Corporate / Short Stay
GST_1224,26,75.91,2,32,0,1,Corporate / Short Stay
GST_1225,37,134.9,1,10,1,1,Corporate / Short Stay
GST_1226,40,193.46,13,151,3,2,Family / Planner
GST_1227,39,293.48,3,48,5,3,VIP / Luxury
GST_1228,53,386.14,7,27,5,3,VIP / Luxury
GST_1229,27,50.0,2,13,0,1,Corporate / Short Stay
GST_1230,25,62.59,2,13,0,1,Corporate / Short Stay
GST_1231,24,132.44,1,2,0,1,Corporate / Short Stay
GST_1232,49,184.74,6,164,3,0,Family / Planner
GST_1233,26,176.03,3,2,0,1,Corporate / Short Stay
GST_1234,46,194.69,5,86,2,0,Family / Planner
GST_1235,35,143.02,12,65,2,2,Family / Planner
GST_1236,35,141.07,3,9,1,1,Corporate / Short Stay
GST_1237,25,86.08,2,21,0,1,Corporate / Short Stay
GST_1238,41,201.92,11,78,2,2,Family / Planner
GST_1239,42,154.95,11,120,3,2,Family / Planner
GST_1240,26,158.6,1,14,1,1,Corporate / Short Stay
GST_1241,59,317.37,5,19,5,3,VIP / Luxury
GST_1242,28,74.66,2,25,0,1,Corporate / Short Stay
GST_1243,22,87.55,1,11,0,1,Corporate / Short Stay
GST_1244,22,87.78,1,23,0,1,Corporate / Short Stay
GST_1245,23,64.97,1,27,0,1,Corporate / Short Stay
GST_1246,43,176.85,13,69,1,2,Family / Planner
GST_1247,20,81.6,1,27,0,1,Corporate / Short Stay
GST_1248,20,86.65,1,22,0,1,Corporate / Short Stay
GST_1249,25,79.31,2,20,0,1,Corporate / Short Stay
GST_1250,20,50.0,1,28,0,1,Corporate / Short Stay
GST_1251,22,107.18,2,15,0,1,Corporate / Short Stay
GST_1252,38,164.47,3,0,0,1,Corporate / Short Stay
GST_1253,35,157.01,6,96,1,0,Family / Planner
GST_1254,48,155.79,1,6,1,1,Corporate / Short Stay
GST_1255,57,372.79,9,63,4,3,VIP / Luxury
GST_1256,31,178.7,12,175,1,2,Family / Planner
GST_1257,26,74.74,2,15,0,1,Corporate / Short Stay
GST_1258,33,152.44,1,11,0,1,Corporate / Short Stay
GST_1259,37,241.64,12,155,3,2,Family / Planner
GST_1260,47,212.47,8,118,3,0,Family / Planner
GST_1261,18,72.38,2,25,0,1,Corporate / Short Stay
GST_1262,23,82.01,2,11,0,1,Corporate / Short Stay
GST_1263,29,86.26,1,27,0,1,Corporate / Short Stay
GST_1264,26,50.0,1,7,0,1,Corporate / Short Stay
GST_1265,25,65.62,2,22,0,1,Corporate / Short Stay
GST_1266,25,72.79,2,11,0,1,Corporate / Short Stay
GST_1267,34,251.38,12,154,3,2,Family / Planner
GST_1268,35,261.21,13,150,2,2,Family / Planner
GST_1269,19,98.61,2,2,0,1,Corporate / Short Stay
GST_1270,41,184.43,11,152,2,2,Family / Planner
GST_1271,34,198.37,10,101,2,2,Family / Planner
GST_1272,35,203.97,11,151,3,2,Family / Planner
GST_1273,39,167.14,3,0,1,1,Corporate / Short Stay
GST_1274,18,111.83,1,27,0,1,Corporate / Short Stay
GST_1275,25,125.59,2,3,1,1,Corporate / Short Stay
GST_1276,40,226.05,10,70,1,2,Family / Planner
GST_1277,46,285.78,9,28,4,3,VIP / Luxury
GST_1278,50,443.13,7,24,4,3,VIP / Luxury
GST_1279,41,155.69,3,0,1,1,Corporate / Short Stay
GST_1280,18,83.01,1,15,0,1,Corporate / Short Stay
GST_1281,24,69.92,1,23,0,1,Corporate / Short Stay
GST_1282,36,192.8,5,122,2,0,Family / Planner
GST_1283,46,146.19,2,1,0,1,Corporate / Short Stay
GST_1284,23,72.18,2,12,0,1,Corporate / Short Stay
GST_1285,34,193.84,2,0,1,1,Corporate / Short Stay
GST_1286,46,195.14,11,177,3,2,Family / Planner
GST_1287,45,203.2,8,130,3,0,Family / Planner
GST_1288,28,81.24,1,19,0,1,Corporate / Short Stay
GST_1289,37,169.95,3,0,0,1,Corporate / Short Stay
GST_1290,27,56.45,1,22,0,1,Corporate / Short Stay
GST_1291,37,187.51,8,118,2,0,Family / Planner
GST_1292,23,92.44,1,13,0,1,Corporate / Short Stay
GST_1293,46,225.96,9,137,2,2,Family / Planner
GST_1294,41,428.32,6,53,5,3,VIP / Luxury
GST_1295,51,406.71,9,17,2,3,VIP / Luxury
GST_1296,44,163.64,2,0,0,1,Corporate / Short Stay
GST_1297,47,135.5,1,9,1,1,Corporate / Short Stay
GST_1298,29,98.42,2,19,1,1,Corporate / Short Stay
GST_1299,25,143.41,2,3,1,1,Corporate / Short Stay
GST_1300,41,174.06,3,0,0,1,Corporate / Short Stay
GST_1301,20,82.16,1,29,0,1,Corporate / Short Stay
GST_1302,22,79.99,1,4,0,1,Corporate / Short Stay
GST_1303,22,102.06,2,6,0,1,Corporate / Short Stay
GST_1304,33,140.78,3,0,0,1,Corporate / Short Stay
GST_1305,30,238.4,8,102,1,0,Family / Planner
GST_1306,20,59.62,2,20,0,1,Corporate / Short Stay
GST_1307,48,126.89,5,119,2,0,Family / Planner
GST_1308,27,149.59,1,21,1,1,Corporate / Short Stay
GST_1309,29,52.94,2,13,0,1,Corporate / Short Stay
GST_1310,35,142.36,2,9,0,1,Corporate / Short Stay
GST_1311,29,94.53,1,17,0,1,Corporate / Short Stay
GST_1312,40,146.49,3,5,1,1,Corporate / Short Stay
GST_1313,26,57.68,1,19,0,1,Corporate / Short Stay
GST_1314,48,243.1,6,145,2,0,Family / Planner
GST_1315,50,294.7,3,29,4,3,VIP / Luxury
GST_1316,22,65.51,2,11,0,1,Corporate / Short Stay
GST_1317,21,68.67,2,6,0,1,Corporate / Short Stay
GST_1318,21,94.85,2,17,0,1,Corporate / Short Stay
GST_1319,55,416.39,7,41,2,3,VIP / Luxury
GST_1320,40,130.58,2,10,0,1,Corporate / Short Stay
GST_1321,24,95.32,2,10,0,1,Corporate / Short Stay
GST_1322,26,69.81,1,5,0,1,Corporate / Short Stay
GST_1323,36,278.39,5,35,5,3,VIP / Luxury
GST_1324,20,77.94,2,0,0,1,Corporate / Short Stay
GST_1325,35,238.78,12,158,1,2,Family / Planner
GST_1326,33,115.56,1,15,0,1,Corporate / Short Stay
GST_1327,38,182.66,10,58,2,2,Family / Planner
GST_1328,36,206.48,4,107,3,0,Family / Planner
GST_1329,22,62.3,1,3,0,1,Corporate / Short Stay
GST_1330,37,249.13,11,95,3,2,Family / Planner
GST_1331,57,338.22,3,44,2,3,VIP / Luxury
GST_1332,20,90.14,1,14,0,1,Corporate / Short Stay
GST_1333,25,110.54,1,26,0,1,Corporate / Short Stay
GST_1334,37,319.66,5,58,4,3,VIP / Luxury
GST_1335,22,53.7,1,0,0,1,Corporate / Short Stay
GST_1336,39,211.85,7,170,1,0,Family / Planner
GST_1337,29,143.46,2,15,0,1,Corporate / Short Stay
GST_1338,22,53.93,1,25,0,1,Corporate / Short Stay
GST_1339,23,83.01,1,5,0,1,Corporate / Short Stay
GST_1340,35,165.98,9,111,2,2,Family / Planner
GST_1341,19,70.59,1,20,0,1,Corporate / Short Stay
GST_1342,58,288.2,8,39,5,3,VIP / Luxury
GST_1343,27,93.9,1,14,0,1,Corporate / Short Stay
GST_1344,43,458.9,4,22,2,3,VIP / Luxury
GST_1345,18,81.64,1,6,0,1,Corporate / Short Stay
GST_1346,25,85.01,1,4,0,1,Corporate / Short Stay
GST_1347,22,114.6,2,25,0,1,Corporate / Short Stay
GST_1348,26,142.15,1,3,1,1,Corporate / Short Stay
GST_1349,31,154.46,2,2,0,1,Corporate / Short Stay
GST_1350,40,211.0,5,133,1,0,Family / Planner
GST_1351,24,61.3,1,9,0,1,Corporate / Short Stay
GST_1352,29,90.3,1,14,0,1,Corporate / Short Stay
GST_1353,38,134.95,12,137,3,2,Family / Planner
GST_1354,24,68.18,2,9,0,1,Corporate / Short Stay
GST_1355,29,50.0,2,16,0,1,Corporate / Short Stay
GST_1356,39,246.88,13,151,2,2,Family / Planner
GST_1357,41,201.58,8,152,2,0,Family / Planner
GST_1358,47,199.44,4,112,3,0,Family / Planner
GST_1359,20,73.09,2,6,0,1,Corporate / Short Stay
GST_1360,37,128.51,1,4,0,1,Corporate / Short Stay
GST_1361,19,95.47,2,0,0,1,Corporate / Short Stay
GST_1362,27,64.66,2,13,0,1,Corporate / Short Stay
GST_1363,26,75.9,2,10,0,1,Corporate / Short Stay
GST_1364,42,367.7,4,57,3,3,VIP / Luxury
GST_1365,36,220.72,9,76,1,2,Family / Planner
GST_1366,37,334.97,3,28,2,3,VIP / Luxury
GST_1367,37,304.0,7,43,3,3,VIP / Luxury
GST_1368,31,209.69,11,71,2,2,Family / Planner
GST_1369,29,168.21,3,8,0,1,Corporate / Short Stay
GST_1370,22,70.38,2,18,0,1,Corporate / Short Stay
GST_1371,46,164.86,7,65,1,0,Family / Planner
GST_1372,48,159.95,6,127,1,0,Family / Planner
GST_1373,24,90.13,2,16,0,1,Corporate / Short Stay
GST_1374,32,174.15,7,70,1,0,Family / Planner
GST_1375,20,92.71,1,8,0,1,Corporate / Short Stay
GST_1376,38,330.95,5,49,5,3,VIP / Luxury
GST_1377,28,66.18,2,5,0,1,Corporate / Short Stay
GST_1378,27,61.23,1,13,0,1,Corporate / Short Stay
GST_1379,19,83.8,2,5,0,1,Corporate / Short Stay
GST_1380,28,76.01,2,26,0,1,Corporate / Short Stay
GST_1381,48,143.98,1,20,1,1,Corporate / Short Stay
GST_1382,28,100.85,2,20,0,1,Corporate / Short Stay
GST_1383,38,233.11,10,107,1,2,Family / Planner
GST_1384,29,71.63,2,12,0,1,Corporate / Short Stay
GST_1385,31,164.81,3,15,0,1,Corporate / Short Stay
GST_1386,20,87.72,2,7,0,1,Corporate / Short Stay
GST_1387,29,92.64,1,15,0,1,Corporate / Short Stay
GST_1388,23,84.59,2,27,0,1,Corporate / Short Stay
GST_1389,52,329.9,7,33,4,3,VIP / Luxury
GST_1390,18,73.97,1,3,0,1,Corporate / Short Stay
GST_1391,18,112.07,2,1,0,1,Corporate / Short Stay
GST_1392,44,154.71,1,9,1,1,Corporate / Short Stay
GST_1393,48,162.78,2,10,1,1,Corporate / Short Stay
GST_1394,31,123.79,2,3,0,1,Corporate / Short Stay
GST_1395,36,217.05,13,91,3,2,Family / Planner
GST_1396,27,114.0,2,20,0,1,Corporate / Short Stay
GST_1397,44,157.17,4,175,2,0,Family / Planner
GST_1398,43,183.06,6,132,2,0,Family / Planner
GST_1399,20,93.63,2,23,0,1,Corporate / Short Stay
GST_1400,31,208.4,9,83,2,2,Family / Planner
GST_1401,21,93.04,1,0,0,1,Corporate / Short Stay
GST_1402,28,99.37,1,0,0,1,Corporate / Short Stay
GST_1403,26,73.55,1,30,0,1,Corporate / Short Stay
GST_1404,35,193.33,4,162,2,0,Family / Planner
GST_1405,24,94.01,2,3,0,1,Corporate / Short Stay
GST_1406,38,186.67,5,137,1,0,Family / Planner
GST_1407,32,151.77,8,119,2,0,Family / Planner
GST_1408,27,59.14,1,22,0,1,Corporate / Short Stay
GST_1409,45,262.44,13,146,3,2,Family / Planner
GST_1410,50,321.03,7,34,4,3,VIP / Luxury
GST_1411,19,53.05,2,21,0,1,Corporate / Short Stay
GST_1412,48,165.14,2,0,1,1,Corporate / Short Stay
GST_1413,35,172.59,5,114,3,0,Family / Planner
GST_1414,29,142.31,2,3,1,1,Corporate / Short Stay
GST_1415,32,201.35,10,71,2,2,Family / Planner
GST_1416,44,111.79,3,13,1,1,Corporate / Short Stay
GST_1417,46,165.17,10,100,2,2,Family / Planner
GST_1418,25,72.79,1,22,0,1,Corporate / Short Stay
GST_1419,28,105.18,2,10,0,1,Corporate / Short Stay
GST_1420,29,86.66,1,27,0,1,Corporate / Short Stay
GST_1421,55,351.15,8,52,2,3,VIP / Luxury
GST_1422,31,218.43,10,58,3,2,Family / Planner
GST_1423,18,62.9,1,7,0,1,Corporate / Short Stay
GST_1424,41,172.13,9,131,1,2,Family / Planner
GST_1425,26,75.82,1,3,0,1,Corporate / Short Stay
GST_1426,42,245.56,8,76,2,0,Family / Planner
GST_1427,37,254.9,10,109,2,2,Family / Planner
GST_1428,21,117.11,2,13,0,1,Corporate / Short Stay
GST_1429,36,226.81,7,143,3,0,Family / Planner
GST_1430,27,68.56,1,5,0,1,Corporate / Short Stay
GST_1431,42,350.32,6,25,5,3,VIP / Luxury
GST_1432,44,274.69,5,41,4,3,VIP / Luxury
GST_1433,24,122.25,2,19,0,1,Corporate / Short Stay
GST_1434,26,75.82,2,30,0,1,Corporate / Short Stay
GST_1435,41,267.42,9,33,3,3,VIP / Luxury
GST_1436,31,228.86,8,97,3,0,Family / Planner
GST_1437,47,236.03,9,167,3,2,Family / Planner
GST_1438,59,287.35,6,53,5,3,VIP / Luxury
GST_1439,29,140.87,2,16,0,1,Corporate / Short Stay
GST_1440,49,168.48,5,84,1,0,Family / Planner
GST_1441,22,77.74,2,24,0,1,Corporate / Short Stay
GST_1442,41,279.44,3,55,5,3,VIP / Luxury
GST_1443,32,149.69,3,7,1,1,Corporate / Short Stay
GST_1444,23,50.0,1,11,0,1,Corporate / Short Stay
GST_1445,43,163.06,2,13,1,1,Corporate / Short Stay
GST_1446,24,56.74,2,7,0,1,Corporate / Short Stay
GST_1447,33,192.1,5,77,1,0,Family / Planner
GST_1448,53,370.91,6,30,4,3,VIP / Luxury
GST_1449,32,155.65,1,1,0,1,Corporate / Short Stay
GST_1450,24,91.44,1,24,0,1,Corporate / Short Stay
GST_1451,47,219.79,7,86,1,0,Family / Planner
GST_1452,25,65.54,1,11,0,1,Corporate / Short Stay
GST_1453,34,187.74,7,119,1,0,Family / Planner
GST_1454,53,393.68,6,49,5,3,VIP / Luxury
GST_1455,28,51.18,1,6,0,1,Corporate / Short Stay
GST_1456,42,178.49,7,131,1,0,Family / Planner
GST_1457,43,212.61,10,120,2,2,Family / Planner
GST_1458,44,172.88,1,8,1,1,Corporate / Short Stay
GST_1459,27,54.04,2,30,0,1,Corporate / Short Stay
GST_1460,54,397.32,6,37,4,3,VIP / Luxury
GST_1461,37,245.92,12,131,1,2,Family / Planner
GST_1462,30,148.76,2,11,0,1,Corporate / Short Stay
GST_1463,29,93.78,1,32,0,1,Corporate / Short Stay
GST_1464,38,177.63,13,166,2,2,Family / Planner
GST_1465,56,310.56,3,33,2,3,VIP / Luxury
GST_1466,35,388.35,8,45,3,3,VIP / Luxury
GST_1467,48,235.48,11,91,2,2,Family / Planner
GST_1468,21,64.59,2,4,0,1,Corporate / Short Stay
GST_1469,31,203.5,7,121,1,0,Family / Planner
GST_1470,21,80.29,1,0,0,1,Corporate / Short Stay
GST_1471,37,137.76,8,162,2,0,Family / Planner
GST_1472,32,188.09,11,75,3,2,Family / Planner
GST_1473,23,119.28,2,0,0,1,Corporate / Short Stay
GST_1474,33,214.49,6,76,2,0,Family / Planner
GST_1475,44,178.19,12,100,1,2,Family / Planner
GST_1476,38,190.9,10,70,3,2,Family / Planner
GST_1477,35,195.94,12,79,1,2,Family / Planner
GST_1478,19,78.7,2,3,0,1,Corporate / Short Stay
GST_1479,44,153.31,1,8,0,1,Corporate / Short Stay
GST_1480,28,124.52,2,8,0,1,Corporate / Short Stay
GST_1481,54,277.06,3,55,2,0,Family / Planner
GST_1482,28,89.26,2,0,0,1,Corporate / Short Stay
GST_1483,45,345.02,5,54,3,3,VIP / Luxury
GST_1484,36,207.28,9,152,2,2,Family / Planner
GST_1485,47,265.52,7,55,2,0,Family / Planner
GST_1486,32,213.87,1,2,0,1,Corporate / Short Stay
GST_1487,49,403.05,4,30,3,3,VIP / Luxury
GST_1488,27,91.53,2,26,0,1,Corporate / Short Stay
GST_1489,57,278.21,5,21,2,3,VIP / Luxury
GST_1490,21,93.18,2,25,0,1,Corporate / Short Stay
GST_1491,37,183.49,5,110,2,0,Family / Planner
GST_1492,26,97.19,2,21,0,1,Corporate / Short Stay
GST_1493,51,360.9,9,35,3,3,VIP / Luxury
GST_1494,33,128.54,1,6,1,1,Corporate / Short Stay
GST_1495,47,262.99,9,126,3,2,Family / Planner
GST_1496,35,229.67,8,102,1,0,Family / Planner
GST_1497,19,81.83,1,14,0,1,Corporate / Short Stay
GST_1498,21,115.25,1,11,0,1,Corporate / Short Stay
GST_1499,20,112.64,1,20,0,1,Corporate / Short Stay
GST_1500,41,288.68,8,33,4,3,VIP / Luxury
GST_1501,35,198.06,5,79,3,0,Family / Planner
GST_1502,46,167.73,3,19,1,1,Corporate / Short Stay
GST_1503,40,157.36,8,115,2,0,Family / Planner
GST_1504,36,355.45,9,34,2,3,VIP / Luxury
GST_1505,20,77.51,2,12,0,1,Corporate / Short Stay
GST_1506,54,404.29,7,36,5,3,VIP / Luxury
GST_1507,38,113.3,2,14,0,1,Corporate / Short Stay
GST_1508,22,87.24,1,0,0,1,Corporate / Short Stay
GST_1509,36,175.45,10,153,3,2,Family / Planner
GST_1510,39,150.74,2,11,1,1,Corporate / Short Stay
GST_1511,28,84.77,1,26,0,1,Corporate / Short Stay
GST_1512,18,98.48,2,28,0,1,Corporate / Short Stay
GST_1513,26,88.47,1,0,0,1,Corporate / Short Stay
GST_1514,43,228.38,7,137,2,0,Family / Planner
GST_1515,38,250.33,12,124,2,2,Family / Planner
GST_1516,18,50.0,2,30,0,1,Corporate / Short Stay
GST_1517,37,129.35,1,13,0,1,Corporate / Short Stay
GST_1518,42,312.85,8,43,3,3,VIP / Luxury
GST_1519,24,84.31,2,24,0,1,Corporate / Short Stay
GST_1520,18,99.24,2,2,0,1,Corporate / Short Stay
GST_1521,25,82.06,1,10,0,1,Corporate / Short Stay
GST_1522,43,237.89,5,108,1,0,Family / Planner
GST_1523,44,158.22,2,2,1,1,Corporate / Short Stay
GST_1524,25,94.01,2,27,0,1,Corporate / Short Stay
GST_1525,49,148.16,3,10,1,1,Corporate / Short Stay
GST_1526,34,250.5,7,166,1,0,Family / Planner
GST_1527,23,77.87,2,17,0,1,Corporate / Short Stay
GST_1528,50,352.55,4,19,5,3,VIP / Luxury
GST_1529,25,80.44,1,9,0,1,Corporate / Short Stay
GST_1530,22,90.09,1,0,0,1,Corporate / Short Stay
GST_1531,40,185.27,1,15,0,1,Corporate / Short Stay
GST_1532,20,79.18,1,0,0,1,Corporate / Short Stay
GST_1533,46,130.65,3,0,1,1,Corporate / Short Stay
GST_1534,18,80.78,2,5,0,1,Corporate / Short Stay
GST_1535,55,404.16,3,34,3,3,VIP / Luxury
GST_1536,19,65.4,2,8,0,1,Corporate / Short Stay
GST_1537,20,58.53,1,13,0,1,Corporate / Short Stay
GST_1538,48,178.1,13,166,2,2,Family / Planner
GST_1539,20,58.09,1,15,0,1,Corporate / Short Stay
GST_1540,43,230.06,12,167,3,2,Family / Planner
GST_1541,22,95.14,1,23,0,1,Corporate / Short Stay
GST_1542,43,218.56,5,122,1,0,Family / Planner
GST_1543,20,111.3,2,6,0,1,Corporate / Short Stay
GST_1544,18,94.83,1,22,0,1,Corporate / Short Stay
GST_1545,19,77.0,2,16,0,1,Corporate / Short Stay
GST_1546,45,144.37,2,7,0,1,Corporate / Short Stay
GST_1547,58,417.3,8,37,5,3,VIP / Luxury
GST_1548,37,173.38,1,0,0,1,Corporate / Short Stay
GST_1549,26,66.62,2,22,0,1,Corporate / Short Stay
GST_1550,46,365.3,6,20,2,3,VIP / Luxury
GST_1551,26,63.25,2,20,0,1,Corporate / Short Stay
GST_1552,19,78.26,2,0,0,1,Corporate / Short Stay
GST_1553,37,326.77,6,37,4,3,VIP / Luxury
GST_1554,40,316.27,9,15,2,3,VIP / Luxury
GST_1555,35,116.08,1,4,0,1,Corporate / Short Stay
GST_1556,28,67.6,2,19,0,1,Corporate / Short Stay
GST_1557,40,184.28,8,80,2,0,Family / Planner
GST_1558,41,139.46,2,10,0,1,Corporate / Short Stay
GST_1559,38,354.68,6,31,3,3,VIP / Luxury
GST_1560,37,234.22,13,155,3,2,Family / Planner
GST_1561,37,201.47,7,165,3,0,Family / Planner
GST_1562,20,87.61,2,31,0,1,Corporate / Short Stay
GST_1563,27,139.85,2,10,0,1,Corporate / Short Stay
GST_1564,39,191.37,12,143,3,2,Family / Planner
GST_1565,22,73.95,1,15,0,1,Corporate / Short Stay
GST_1566,46,376.74,8,18,4,3,VIP / Luxury
GST_1567,35,209.94,7,175,3,0,Family / Planner
GST_1568,36,205.84,11,155,2,2,Family / Planner
GST_1569,27,102.28,1,15,0,1,Corporate / Short Stay
GST_1570,18,55.64,2,24,0,1,Corporate / Short Stay
GST_1571,33,182.54,4,98,1,0,Family / Planner
GST_1572,24,78.06,1,7,0,1,Corporate / Short Stay
GST_1573,33,152.5,12,175,3,2,Family / Planner
GST_1574,18,76.43,1,6,0,1,Corporate / Short Stay
GST_1575,50,396.5,7,19,3,3,VIP / Luxury
GST_1576,20,85.01,2,3,0,1,Corporate / Short Stay
GST_1577,34,133.28,4,152,3,0,Family / Planner
GST_1578,34,205.75,12,148,1,2,Family / Planner
GST_1579,29,92.63,1,6,0,1,Corporate / Short Stay
GST_1580,39,201.41,11,143,3,2,Family / Planner
GST_1581,24,86.45,2,13,0,1,Corporate / Short Stay
GST_1582,19,75.51,2,19,0,1,Corporate / Short Stay
GST_1583,22,89.41,1,22,0,1,Corporate / Short Stay
GST_1584,29,97.81,1,12,0,1,Corporate / Short Stay
GST_1585,27,62.68,1,18,0,1,Corporate / Short Stay
GST_1586,39,244.38,13,174,2,2,Family / Planner
GST_1587,33,192.76,6,91,1,0,Family / Planner
GST_1588,47,189.28,3,18,1,1,Corporate / Short Stay
GST_1589,23,75.3,1,36,0,1,Corporate / Short Stay
GST_1590,49,225.41,11,108,2,2,Family / Planner
GST_1591,31,147.76,9,115,2,2,Family / Planner
GST_1592,22,79.43,1,16,0,1,Corporate / Short Stay
GST_1593,29,64.77,1,0,0,1,Corporate / Short Stay
GST_1594,44,129.86,6,156,1,0,Family / Planner
GST_1595,35,166.52,3,14,0,1,Corporate / Short Stay
GST_1596,26,84.84,2,0,0,1,Corporate / Short Stay
GST_1597,23,93.25,1,28,0,1,Corporate / Short Stay
GST_1598,36,203.95,4,183,3,0,Family / Planner
GST_1599,25,86.36,2,23,0,1,Corporate / Short Stay
GST_1600,46,262.21,9,53,4,3,VIP / Luxury
GST_1601,45,174.89,13,77,3,2,Family / Planner
GST_1602,37,335.28,5,24,5,3,VIP / Luxury
GST_1603,47,168.44,13,106,2,2,Family / Planner
GST_1604,45,139.61,1,0,1,1,Corporate / Short Stay
GST_1605,21,69.65,2,8,0,1,Corporate / Short Stay
GST_1606,27,95.97,2,24,0,1,Corporate / Short Stay
GST_1607,32,189.31,11,159,2,2,Family / Planner
GST_1608,19,122.81,1,15,0,1,Corporate / Short Stay
GST_1609,21,79.3,2,25,0,1,Corporate / Short Stay
GST_1610,40,148.66,2,9,1,1,Corporate / Short Stay
GST_1611,20,84.06,1,32,0,1,Corporate / Short Stay
GST_1612,41,144.77,1,3,1,1,Corporate / Short Stay
GST_1613,39,146.31,2,5,1,1,Corporate / Short Stay
GST_1614,45,171.77,9,89,2,2,Family / Planner
GST_1615,29,70.85,1,25,0,1,Corporate / Short Stay
GST_1616,31,215.07,7,133,2,0,Family / Planner
GST_1617,26,79.96,1,3,0,1,Corporate / Short Stay
GST_1618,23,70.57,1,14,0,1,Corporate / Short Stay
GST_1619,38,171.82,11,103,2,2,Family / Planner
GST_1620,33,119.36,1,7,1,1,Corporate / Short Stay
GST_1621,18,67.61,1,2,0,1,Corporate / Short Stay
GST_1622,45,147.13,3,6,1,1,Corporate / Short Stay
GST_1623,25,102.46,1,24,0,1,Corporate / Short Stay
GST_1624,29,71.53,1,28,0,1,Corporate / Short Stay
GST_1625,54,365.12,9,46,5,3,VIP / Luxury
GST_1626,42,194.64,4,118,3,0,Family / Planner
GST_1627,26,79.47,1,7,0,1,Corporate / Short Stay
GST_1628,29,77.64,2,27,0,1,Corporate / Short Stay
GST_1629,37,163.12,1,0,0,1,Corporate / Short Stay
GST_1630,38,237.56,13,172,3,2,Family / Planner
GST_1631,29,109.62,2,11,0,1,Corporate / Short Stay
GST_1632,25,62.28,1,5,0,1,Corporate / Short Stay
GST_1633,22,95.99,1,24,0,1,Corporate / Short Stay
GST_1634,20,69.5,2,25,0,1,Corporate / Short Stay
GST_1635,43,217.44,7,105,2,0,Family / Planner
GST_1636,26,161.18,3,13,0,1,Corporate / Short Stay
GST_1637,24,62.39,1,3,0,1,Corporate / Short Stay
GST_1638,47,215.31,5,110,1,0,Family / Planner
GST_1639,37,260.84,13,75,2,2,Family / Planner
GST_1640,29,123.46,2,4,0,1,Corporate / Short Stay
GST_1641,45,211.28,4,175,2,0,Family / Planner
GST_1642,45,244.43,12,114,2,2,Family / Planner
GST_1643,48,197.11,8,121,1,0,Family / Planner
GST_1644,27,71.96,1,21,0,1,Corporate / Short Stay
GST_1645,27,60.1,1,30,0,1,Corporate / Short Stay
GST_1646,49,200.25,6,171,3,0,Family / Planner
GST_1647,41,161.52,2,10,0,1,Corporate / Short Stay
GST_1648,23,79.05,2,24,0,1,Corporate / Short Stay
GST_1649,32,232.39,8,175,2,0,Family / Planner
GST_1650,47,196.75,6,150,3,0,Family / Planner
GST_1651,30,260.24,13,141,2,2,Family / Planner
GST_1652,40,150.12,13,143,3,2,Family / Planner
GST_1653,36,213.82,11,127,3,2,Family / Planner
GST_1654,27,54.62,1,13,0,1,Corporate / Short Stay
GST_1655,38,202.88,4,72,3,0,Family / Planner
GST_1656,42,186.3,13,99,2,2,Family / Planner
GST_1657,41,103.1,2,0,0,1,Corporate / Short Stay
GST_1658,26,87.72,2,30,0,1,Corporate / Short Stay
GST_1659,41,204.89,12,158,2,2,Family / Planner
GST_1660,21,79.78,2,19,0,1,Corporate / Short Stay
GST_1661,36,300.93,9,43,4,3,VIP / Luxury
GST_1662,19,50.0,1,10,0,1,Corporate / Short Stay
GST_1663,22,67.42,2,17,0,1,Corporate / Short Stay
GST_1664,49,169.83,6,150,2,0,Family / Planner
GST_1665,19,75.25,2,0,0,1,Corporate / Short Stay
GST_1666,28,154.23,2,3,0,1,Corporate / Short Stay
GST_1667,35,205.45,6,108,1,0,Family / Planner
GST_1668,30,171.74,7,163,1,0,Family / Planner
GST_1669,40,259.16,9,163,1,2,Family / Planner
GST_1670,39,119.01,1,5,1,1,Corporate / Short Stay
GST_1671,38,177.97,10,118,1,2,Family / Planner
GST_1672,41,219.73,7,117,2,0,Family / Planner
GST_1673,39,177.4,1,12,1,1,Corporate / Short Stay
GST_1674,37,180.61,4,137,2,0,Family / Planner
GST_1675,21,126.92,1,19,0,1,Corporate / Short Stay
GST_1676,37,123.1,3,0,0,1,Corporate / Short Stay
GST_1677,39,239.62,13,72,2,2,Family / Planner
GST_1678,49,153.89,1,0,0,1,Corporate / Short Stay
GST_1679,54,370.94,9,56,4,3,VIP / Luxury
GST_1680,42,147.8,7,127,2,0,Family / Planner
GST_1681,42,209.49,4,148,2,0,Family / Planner
GST_1682,45,134.09,3,7,1,1,Corporate / Short Stay
GST_1683,44,156.89,1,0,0,1,Corporate / Short Stay
GST_1684,28,78.55,1,16,0,1,Corporate / Short Stay
GST_1685,33,127.53,3,2,0,1,Corporate / Short Stay
GST_1686,29,70.56,2,15,0,1,Corporate / Short Stay
GST_1687,43,132.28,2,5,0,1,Corporate / Short Stay
GST_1688,39,342.7,7,36,4,3,VIP / Luxury
GST_1689,25,86.8,1,15,0,1,Corporate / Short Stay
GST_1690,48,165.4,1,10,1,1,Corporate / Short Stay
GST_1691,27,97.1,1,12,0,1,Corporate / Short Stay
GST_1692,42,179.46,10,162,3,2,Family / Planner
GST_1693,19,82.36,2,21,0,1,Corporate / Short Stay
GST_1694,41,165.86,8,144,3,0,Family / Planner
GST_1695,40,185.18,12,53,3,2,Family / Planner
GST_1696,22,52.57,2,26,0,1,Corporate / Short Stay
GST_1697,29,66.21,1,27,0,1,Corporate / Short Stay
GST_1698,19,82.98,1,28,0,1,Corporate / Short Stay
GST_1699,27,72.91,1,4,0,1,Corporate / Short Stay
GST_1700,53,347.29,4,22,4,3,VIP / Luxury
GST_1701,31,168.61,10,165,1,2,Family / Planner
GST_1702,36,129.3,3,4,0,1,Corporate / Short Stay
GST_1703,30,170.77,6,178,3,0,Family / Planner
GST_1704,36,141.85,3,9,1,1,Corporate / Short Stay
GST_1705,28,76.63,1,11,0,1,Corporate / Short Stay
GST_1706,39,186.1,4,167,3,0,Family / Planner
GST_1707,24,105.91,1,5,0,1,Corporate / Short Stay
GST_1708,23,74.16,1,10,0,1,Corporate / Short Stay
GST_1709,36,136.83,5,176,2,0,Family / Planner
GST_1710,43,260.94,5,51,4,3,VIP / Luxury
GST_1711,27,74.15,2,28,0,1,Corporate / Short Stay
GST_1712,20,120.82,2,0,0,1,Corporate / Short Stay
GST_1713,43,190.79,1,0,1,1,Corporate / Short Stay
GST_1714,21,85.18,2,14,0,1,Corporate / Short Stay
GST_1715,18,100.39,2,6,0,1,Corporate / Short Stay
GST_1716,36,195.62,9,107,3,2,Family / Planner
GST_1717,21,88.47,2,23,0,1,Corporate / Short Stay
GST_1718,42,107.09,3,8,1,1,Corporate / Short Stay
GST_1719,39,207.17,5,83,1,0,Family / Planner
GST_1720,31,193.6,13,109,1,2,Family / Planner
GST_1721,46,175.58,4,65,1,0,Family / Planner
GST_1722,39,176.38,1,15,0,1,Corporate / Short Stay
GST_1723,18,60.38,2,20,0,1,Corporate / Short Stay
GST_1724,21,78.0,2,8,0,1,Corporate / Short Stay
GST_1725,24,78.21,1,24,0,1,Corporate / Short Stay
GST_1726,34,242.2,9,172,1,2,Family / Planner
GST_1727,35,230.71,10,64,3,2,Family / Planner
GST_1728,22,84.51,2,3,0,1,Corporate / Short Stay
GST_1729,45,164.06,1,5,1,1,Corporate / Short Stay
GST_1730,24,95.97,2,17,0,1,Corporate / Short Stay
GST_1731,30,194.51,5,96,2,0,Family / Planner
GST_1732,18,103.64,2,17,0,1,Corporate / Short Stay
GST_1733,43,317.04,3,40,3,3,VIP / Luxury
GST_1734,28,78.0,2,28,0,1,Corporate / Short Stay
GST_1735,30,240.47,10,71,1,2,Family / Planner
GST_1736,49,166.64,3,8,1,1,Corporate / Short Stay
GST_1737,47,202.91,4,126,2,0,Family / Planner
GST_1738,45,177.63,2,15,0,1,Corporate / Short Stay
GST_1739,36,170.45,6,97,2,0,Family / Planner
GST_1740,46,140.91,9,161,3,2,Family / Planner
GST_1741,47,147.7,13,76,1,2,Family / Planner
GST_1742,28,81.5,1,15,0,1,Corporate / Short Stay
GST_1743,37,157.74,8,112,2,0,Family / Planner
GST_1744,34,190.28,8,73,3,0,Family / Planner
GST_1745,19,83.51,1,20,0,1,Corporate / Short Stay
GST_1746,45,149.96,3,0,1,1,Corporate / Short Stay
GST_1747,34,242.17,6,85,1,0,Family / Planner
GST_1748,19,94.19,2,11,0,1,Corporate / Short Stay
GST_1749,20,66.48,2,9,0,1,Corporate / Short Stay
GST_1750,43,337.63,4,38,4,3,VIP / Luxury
GST_1751,26,62.13,1,12,0,1,Corporate / Short Stay
GST_1752,22,60.46,1,4,0,1,Corporate / Short Stay
GST_1753,44,243.49,10,77,2,2,Family / Planner
GST_1754,29,72.84,1,4,0,1,Corporate / Short Stay
GST_1755,32,141.9,1,12,0,1,Corporate / Short Stay
GST_1756,20,50.0,1,21,0,1,Corporate / Short Stay
GST_1757,35,134.91,2,0,0,1,Corporate / Short Stay
GST_1758,18,101.31,2,19,0,1,Corporate / Short Stay
GST_1759,28,82.98,1,15,0,1,Corporate / Short Stay
GST_1760,35,179.51,3,12,1,1,Corporate / Short Stay
GST_1761,29,75.41,2,10,0,1,Corporate / Short Stay
GST_1762,27,59.87,2,12,0,1,Corporate / Short Stay
GST_1763,47,143.61,3,6,0,1,Corporate / Short Stay
GST_1764,47,121.07,9,78,1,2,Family / Planner
GST_1765,28,50.0,1,25,0,1,Corporate / Short Stay
GST_1766,20,106.22,2,0,0,1,Corporate / Short Stay
GST_1767,53,312.8,9,20,2,3,VIP / Luxury
GST_1768,49,404.67,8,23,4,3,VIP / Luxury
GST_1769,19,79.74,2,25,0,1,Corporate / Short Stay
GST_1770,23,95.77,2,3,0,1,Corporate / Short Stay
GST_1771,28,101.44,1,14,0,1,Corporate / Short Stay
GST_1772,28,59.87,1,19,0,1,Corporate / Short Stay
GST_1773,45,189.48,10,69,2,2,Family / Planner
GST_1774,38,143.91,2,21,0,1,Corporate / Short Stay
GST_1775,24,77.66,2,22,0,1,Corporate / Short Stay
GST_1776,21,96.27,1,20,0,1,Corporate / Short Stay
GST_1777,35,186.94,10,115,1,2,Family / Planner
GST_1778,44,139.02,1,20,1,1,Corporate / Short Stay
GST_1779,35,155.2,1,14,0,1,Corporate / Short Stay
GST_1780,18,65.5,1,25,0,1,Corporate / Short Stay
GST_1781,46,195.34,9,127,2,2,Family / Planner
GST_1782,37,150.47,1,4,0,1,Corporate / Short Stay
GST_1783,20,92.38,2,0,0,1,Corporate / Short Stay
GST_1784,37,155.23,11,70,3,2,Family / Planner
GST_1785,23,102.14,1,24,0,1,Corporate / Short Stay
GST_1786,28,120.56,3,0,1,1,Corporate / Short Stay
GST_1787,45,395.66,8,40,5,3,VIP / Luxury
GST_1788,49,241.02,11,178,1,2,Family / Planner
GST_1789,33,246.37,11,154,2,2,Family / Planner
GST_1790,48,156.92,12,95,2,2,Family / Planner
GST_1791,26,109.71,2,8,0,1,Corporate / Short Stay
GST_1792,33,228.04,13,92,2,2,Family / Planner
GST_1793,29,79.81,2,23,0,1,Corporate / Short Stay
GST_1794,46,322.01,9,32,4,3,VIP / Luxury
GST_1795,23,114.68,2,16,0,1,Corporate / Short Stay
GST_1796,31,188.02,13,174,1,2,Family / Planner
GST_1797,25,90.25,2,19,0,1,Corporate / Short Stay
GST_1798,35,232.79,10,74,1,2,Family / Planner
GST_1799,34,151.1,3,12,1,1,Corporate / Short Stay
GST_1800,42,201.58,12,68,2,2,Family / Planner
GST_1801,28,101.81,2,5,0,1,Corporate / Short Stay
GST_1802,48,314.01,8,29,4,3,VIP / Luxury
GST_1803,29,73.72,2,21,0,1,Corporate / Short Stay
GST_1804,32,197.84,12,117,3,2,Family / Planner
GST_1805,24,56.83,2,0,0,1,Corporate / Short Stay
GST_1806,19,87.11,2,16,0,1,Corporate / Short Stay
GST_1807,36,200.45,11,96,2,2,Family / Planner
GST_1808,21,69.62,1,5,0,1,Corporate / Short Stay
GST_1809,33,248.24,11,150,1,2,Family / Planner
GST_1810,25,178.33,3,9,1,1,Corporate / Short Stay
GST_1811,40,267.01,9,94,2,2,Family / Planner
GST_1812,44,182.9,10,176,1,2,Family / Planner
GST_1813,30,155.01,2,10,1,1,Corporate / Short Stay
GST_1814,28,102.79,2,0,0,1,Corporate / Short Stay
GST_1815,27,50.0,2,7,0,1,Corporate / Short Stay
GST_1816,23,102.98,2,26,0,1,Corporate / Short Stay
GST_1817,28,137.12,1,0,0,1,Corporate / Short Stay
GST_1818,54,316.26,9,28,3,3,VIP / Luxury
GST_1819,41,176.55,6,169,1,0,Family / Planner
GST_1820,34,159.79,3,1,0,1,Corporate / Short Stay
GST_1821,47,221.18,8,56,3,0,Family / Planner
GST_1822,32,280.92,10,144,1,2,Family / Planner
GST_1823,46,133.44,1,4,1,1,Corporate / Short Stay
GST_1824,40,223.9,11,80,1,2,Family / Planner
GST_1825,46,347.55,3,53,5,3,VIP / Luxury
GST_1826,47,239.44,4,64,2,0,Family / Planner
GST_1827,48,192.45,12,90,2,2,Family / Planner
GST_1828,52,314.9,6,50,5,3,VIP / Luxury
GST_1829,27,50.0,1,30,0,1,Corporate / Short Stay
GST_1830,45,231.99,11,144,1,2,Family / Planner
GST_1831,29,143.31,3,16,1,1,Corporate / Short Stay
GST_1832,54,340.71,6,29,5,3,VIP / Luxury
GST_1833,46,158.14,2,17,1,1,Corporate / Short Stay
GST_1834,23,67.19,2,23,0,1,Corporate / Short Stay
GST_1835,22,76.65,1,22,0,1,Corporate / Short Stay
GST_1836,23,109.61,1,9,0,1,Corporate / Short Stay
GST_1837,27,98.82,2,22,0,1,Corporate / Short Stay
GST_1838,39,468.71,7,46,5,3,VIP / Luxury
GST_1839,43,166.34,4,165,2,0,Family / Planner
GST_1840,33,177.71,9,120,1,2,Family / Planner
GST_1841,23,66.64,2,28,0,1,Corporate / Short Stay
GST_1842,20,76.3,2,16,0,1,Corporate / Short Stay
GST_1843,25,67.39,2,32,0,1,Corporate / Short Stay
GST_1844,34,130.76,3,0,1,1,Corporate / Short Stay
GST_1845,32,224.48,11,128,3,2,Family / Planner
GST_1846,36,193.75,12,174,3,2,Family / Planner
GST_1847,40,233.6,10,166,2,2,Family / Planner
GST_1848,18,53.3,2,19,0,1,Corporate / Short Stay
GST_1849,19,84.82,1,25,0,1,Corporate / Short Stay
GST_1850,42,376.07,6,21,5,3,VIP / Luxury
GST_1851,28,70.21,1,3,0,1,Corporate / Short Stay
GST_1852,29,82.54,2,11,0,1,Corporate / Short Stay
GST_1853,28,81.65,1,6,0,1,Corporate / Short Stay
GST_1854,18,50.0,2,18,0,1,Corporate / Short Stay
GST_1855,37,239.09,13,125,2,2,Family / Planner
GST_1856,28,73.53,2,13,0,1,Corporate / Short Stay
GST_1857,32,160.08,7,133,3,0,Family / Planner
GST_1858,23,50.0,2,26,0,1,Corporate / Short Stay
GST_1859,28,134.18,1,12,0,1,Corporate / Short Stay
GST_1860,36,130.82,6,114,3,0,Family / Planner
GST_1861,24,71.25,1,10,0,1,Corporate / Short Stay
GST_1862,25,162.82,2,0,0,1,Corporate / Short Stay
GST_1863,26,79.31,2,33,0,1,Corporate / Short Stay
GST_1864,46,154.78,6,123,1,0,Family / Planner
GST_1865,21,75.96,2,9,0,1,Corporate / Short Stay
GST_1866,42,240.81,6,117,1,0,Family / Planner
GST_1867,20,121.6,1,15,0,1,Corporate / Short Stay
GST_1868,20,73.29,2,1,0,1,Corporate / Short Stay
GST_1869,56,346.05,7,16,2,3,VIP / Luxury
GST_1870,23,93.28,2,26,0,1,Corporate / Short Stay
GST_1871,46,207.34,4,112,1,0,Family / Planner
GST_1872,44,144.04,3,1,0,1,Corporate / Short Stay
GST_1873,31,222.13,13,61,2,2,Family / Planner
GST_1874,37,187.65,4,66,1,0,Family / Planner
GST_1875,27,88.09,1,4,0,1,Corporate / Short Stay
GST_1876,19,84.42,1,4,0,1,Corporate / Short Stay
GST_1877,40,106.24,3,4,0,1,Corporate / Short Stay
GST_1878,42,131.08,3,6,0,1,Corporate / Short Stay
GST_1879,25,74.6,2,2,0,1,Corporate / Short Stay
GST_1880,20,64.82,2,8,0,1,Corporate / Short Stay
GST_1881,33,151.92,2,6,1,1,Corporate / Short Stay
GST_1882,35,154.7,13,112,1,2,Family / Planner
GST_1883,43,110.54,2,2,1,1,Corporate / Short Stay
GST_1884,25,58.02,2,7,0,1,Corporate / Short Stay
GST_1885,28,139.04,1,9,1,1,Corporate / Short Stay
GST_1886,45,199.43,7,142,1,0,Family / Planner
GST_1887,19,62.67,1,22,0,1,Corporate / Short Stay
GST_1888,27,85.93,1,26,0,1,Corporate / Short Stay
GST_1889,47,286.77,8,22,4,3,VIP / Luxury
GST_1890,38,124.67,13,129,1,2,Family / Planner
GST_1891,37,195.53,11,110,2,2,Family / Planner
GST_1892,19,50.0,2,13,0,1,Corporate / Short Stay
GST_1893,40,203.53,8,60,2,0,Family / Planner
GST_1894,19,79.72,2,22,0,1,Corporate / Short Stay
GST_1895,19,116.17,2,4,0,1,Corporate / Short Stay
GST_1896,57,343.23,9,56,2,3,VIP / Luxury
GST_1897,49,201.91,4,119,1,0,Family / Planner
GST_1898,47,176.12,2,0,0,1,Corporate / Short Stay
GST_1899,38,228.94,4,102,3,0,Family / Planner
GST_1900,36,429.67,4,59,2,3,VIP / Luxury
GST_1901,27,67.12,1,0,0,1,Corporate / Short Stay
GST_1902,28,84.02,1,3,0,1,Corporate / Short Stay
GST_1903,37,229.01,12,68,2,2,Family / Planner
GST_1904,32,161.8,2,2,0,1,Corporate / Short Stay
GST_1905,42,412.36,5,18,3,3,VIP / Luxury
GST_1906,36,172.29,2,16,0,1,Corporate / Short Stay
GST_1907,40,178.97,10,126,3,2,Family / Planner
GST_1908,31,160.36,11,75,2,2,Family / Planner
GST_1909,26,62.59,1,26,0,1,Corporate / Short Stay
GST_1910,21,50.0,1,29,0,1,Corporate / Short Stay
GST_1911,43,217.44,4,102,2,0,Family / Planner
GST_1912,38,168.93,8,106,3,0,Family / Planner
GST_1913,24,92.64,2,21,0,1,Corporate / Short Stay
GST_1914,26,152.14,2,15,1,1,Corporate / Short Stay
GST_1915,21,82.66,1,4,0,1,Corporate / Short Stay
GST_1916,45,267.58,13,85,3,2,Family / Planner
GST_1917,48,234.86,13,150,3,2,Family / Planner
GST_1918,18,69.66,1,2,0,1,Corporate / Short Stay
GST_1919,48,171.98,5,137,2,0,Family / Planner
GST_1920,43,153.77,1,10,0,1,Corporate / Short Stay
GST_1921,28,104.99,2,2,0,1,Corporate / Short Stay
GST_1922,43,199.74,11,143,1,2,Family / Planner
GST_1923,46,273.02,6,52,4,3,VIP / Luxury
GST_1924,32,170.03,3,11,0,1,Corporate / Short Stay
GST_1925,44,155.69,2,0,0,1,Corporate / Short Stay
GST_1926,49,168.8,10,113,1,2,Family / Planner
GST_1927,18,66.85,1,9,0,1,Corporate / Short Stay
GST_1928,31,183.36,8,60,2,0,Family / Planner
GST_1929,18,52.53,1,13,0,1,Corporate / Short Stay
GST_1930,48,153.0,3,13,1,1,Corporate / Short Stay
GST_1931,40,206.41,13,136,1,2,Family / Planner
GST_1932,26,181.48,3,0,1,1,Corporate / Short Stay
GST_1933,48,148.95,1,1,1,1,Corporate / Short Stay
GST_1934,24,61.74,1,3,0,1,Corporate / Short Stay
GST_1935,33,170.34,2,8,0,1,Corporate / Short Stay
GST_1936,43,166.05,13,114,1,2,Family / Planner
GST_1937,47,207.94,5,73,1,0,Family / Planner
GST_1938,30,166.43,11,79,3,2,Family / Planner
GST_1939,21,80.65,1,14,0,1,Corporate / Short Stay
GST_1940,38,158.83,5,137,3,0,Family / Planner
GST_1941,28,81.86,1,2,0,1,Corporate / Short Stay
GST_1942,46,149.02,5,153,2,0,Family / Planner
GST_1943,20,65.82,2,21,0,1,Corporate / Short Stay
GST_1944,28,66.51,2,5,0,1,Corporate / Short Stay
GST_1945,36,186.49,8,70,1,0,Family / Planner
GST_1946,47,198.97,11,90,3,2,Family / Planner
GST_1947,48,170.15,5,118,1,0,Family / Planner
GST_1948,26,56.5,1,16,0,1,Corporate / Short Stay
GST_1949,29,90.85,2,6,0,1,Corporate / Short Stay
GST_1950,40,159.01,13,65,1,2,Family / Planner
GST_1951,48,173.18,3,0,1,1,Corporate / Short Stay
GST_1952,24,54.26,1,19,0,1,Corporate / Short Stay
GST_1953,29,99.33,2,20,0,1,Corporate / Short Stay
GST_1954,28,66.47,1,17,0,1,Corporate / Short Stay
GST_1955,33,116.02,12,85,3,2,Family / Planner
GST_1956,26,82.73,2,4,0,1,Corporate / Short Stay
GST_1957,20,73.93,1,13,0,1,Corporate / Short Stay
GST_1958,29,91.11,1,26,0,1,Corporate / Short Stay
GST_1959,49,317.97,5,22,4,3,VIP / Luxury
GST_1960,50,313.19,7,54,2,3,VIP / Luxury
GST_1961,28,84.15,1,20,0,1,Corporate / Short Stay
GST_1962,28,78.11,2,7,0,1,Corporate / Short Stay
GST_1963,34,191.49,11,71,1,2,Family / Planner
GST_1964,30,128.94,1,1,1,1,Corporate / Short Stay
GST_1965,20,80.56,2,7,0,1,Corporate / Short Stay
GST_1966,34,127.07,3,10,0,1,Corporate / Short Stay
GST_1967,18,79.27,2,34,0,1,Corporate / Short Stay
GST_1968,40,224.52,4,59,3,0,Family / Planner
GST_1969,31,236.5,13,172,3,2,Family / Planner
GST_1970,23,83.11,1,22,0,1,Corporate / Short Stay
GST_1971,45,151.29,8,169,3,0,Family / Planner
GST_1972,45,176.35,13,161,1,2,Family / Planner
GST_1973,35,199.96,12,101,2,2,Family / Planner
GST_1974,21,85.1,2,23,0,1,Corporate / Short Stay
GST_1975,19,70.01,1,10,0,1,Corporate / Short Stay
GST_1976,37,121.13,6,87,1,0,Family / Planner
GST_1977,54,296.48,9,28,2,3,VIP / Luxury
GST_1978,34,213.25,6,65,3,0,Family / Planner
GST_1979,34,159.75,1,0,1,1,Corporate / Short Stay
GST_1980,20,90.02,1,13,0,1,Corporate / Short Stay
GST_1981,25,82.62,1,7,0,1,Corporate / Short Stay
GST_1982,20,76.93,2,20,0,1,Corporate / Short Stay
GST_1983,52,416.89,8,24,4,3,VIP / Luxury
GST_1984,42,201.89,9,146,3,2,Family / Planner
GST_1985,44,197.22,9,101,2,2,Family / Planner
GST_1986,20,70.16,1,34,0,1,Corporate / Short Stay
GST_1987,29,134.85,1,10,0,1,Corporate / Short Stay
GST_1988,23,90.77,2,2,0,1,Corporate / Short Stay
GST_1989,27,76.35,2,25,0,1,Corporate / Short Stay
GST_1990,23,98.5,1,0,0,1,Corporate / Short Stay
GST_1991,49,156.5,3,6,1,1,Corporate / Short Stay
GST_1992,48,214.95,5,118,1,0,Family / Planner
GST_1993,41,199.78,4,114,1,0,Family / Planner
GST_1994,21,85.42,1,16,0,1,Corporate / Short Stay
GST_1995,20,62.94,2,20,0,1,Corporate / Short Stay
GST_1996,47,322.89,7,25,5,3,VIP / Luxury
GST_1997,48,140.9,11,176,2,2,Family / Planner
GST_1998,43,218.08,12,148,2,2,Family / Planner
GST_1999,19,90.27,1,8,0,1,Corporate / Short Stay
GST_2000,29,62.23,2,10,0,1,Corporate / Short Stay
